floorplan_id,type,subtype,ground_truth,style,mystery_pred,mystery_reasoning,cot_pred,cot_reasoning,critique_response,counterfactual_response
9942720b-4d26-4661-9d24-238265f28334,normal,n/a,kitchen,normal,storage,"The mystery room is small and located near the living room, suggesting it might be used for storage. Its size and location are consistent with a storage closet or pantry, which is common in small Chinese city apartments.",dining_area,"Based on size, location, and adjacencies, the room fits the typical purpose and placement of a dining area in a residential apartment.","**Critique of the Floorplan Design**

### Realism Score
The realism score for this floorplan design is 5 out of 10.

### Critique

The floorplan appears to be a simple representation of a small apartment with a living room, kitchen, bedroom, and bathroom. However, there are several issues that detract from its realism:

*   **Lack of detail**: The floorplan lacks any notable features, such as windows, doors, or furniture, which makes it difficult to visualize how the space would be used.
*   **Unrealistic room sizes**: The rooms appear to be very small, which may not be realistic for a typical apartment. For example, the bedroom is only slightly larger than the bathroom.
*   **Poor adjacencies**: The living room and kitchen are adjacent to each other, but there is no clear separation between the two spaces. This could make it difficult to use the living room as a quiet space or to cook in the kitchen without disturbing others in the living room.
*   **Limited natural light**: There are no windows shown in the floorplan, which means that the apartment would likely be very dark and lack natural light. This could make the space feel claustrophobic and uncomfortable.

### Flaws

*   Lack of detail
*   Unrealistic room sizes
*   Poor adjacencies
*   Limited natural light

### Strengths

*   Simple and easy to understand
*   Clearly labeled rooms
*   Good use of negative space to create a sense of openness

Overall, while the floorplan has some strengths, its lack of detail, unrealistic room sizes, poor adjacencies, and limited natural light make it less realistic and functional than it could be. With some revisions to address these issues, the floorplan could be more effective at communicating the layout and functionality of the apartment.","Based on the floor plan, it appears that the unlabeled room is more likely to be a kitchen than a bedroom. Here's why:

**Reasoning:**

*   The room is located near the entrance of the house, which is a common placement for kitchens.
*   The room is adjacent to the living room, which is also a common layout for kitchens and living rooms.
*   The room has a smaller size compared to the living room, which is consistent with the typical size of kitchens.

**Counterfactual Analysis:**

*   If the room were a bedroom, it would likely be larger and have a more private location, such as on the second floor or at the end of a hallway.
*   The room's proximity to the entrance and living room would make it less suitable for a bedroom, as it would be noisy and lack privacy.

Therefore, based on the layout and common design principles, Hypothesis A (the room is a kitchen) fits the layout better.

**Answer:** { ""preferred_hypothesis"": ""A"", ""reasoning"": ""The room's location and size are consistent with a kitchen."", ""counterfactual_analysis"": ""The room would need to be larger and more private to be a bedroom."" }"
9942720b-4d26-4661-9d24-238265f28334,normal,n/a,kitchen,sketchy_medium,dining_area_or_breakfast_nook,"Its size and proportions suggest a small room, and its location between the living room and kitchen, with a door connecting it to the living room, make it a suitable space for dining or casual meals.",dining_area,"Central location, size relative to other rooms, and connections suggest a transitional/social space, typical of a dining area.","**Realism Score: 4**

**Critique:**

This floor plan presents several unrealistic elements and functional issues for a small Chinese city apartment. The living room appears oversized compared to the rest of the apartment, which is unusual given the compact nature of such apartments. Typically, in Chinese city apartments, space efficiency is paramount, with rooms being proportionally smaller to maximize utility and comfort within a limited footprint.

The flow from the entrance directly into the living room without any transitional space (like a foyer or entryway) is also unconventional. This design choice might not effectively separate the public entry area from the private living space, potentially disrupting the privacy and coziness expected in a residential setting.

Furthermore, the absence of any storage spaces or closets in the bedrooms is unrealistic for modern living standards. Residents require ample storage for clothing and personal items, which this design fails to accommodate adequately.

**Flaws:**

*   Oversized living room disproportionate to the rest of the apartment.
*   Lack of transitional space between the entrance and the living room.
*   No storage spaces or closets in the bedrooms.

**Strengths:**

*   The layout attempts to incorporate basic functionalities such as a kitchen, bathroom, and bedrooms, which are essential components of a residential unit.
*   The simplicity of the design could potentially allow for easier navigation and a sense of openness, which might be beneficial in very small apartments where clutter can quickly overwhelm the space.

Overall, while the design attempts to cover the basics of residential needs, its realism and functionality are compromised by the unrealistic proportions of the living room, poor flow, and lack of storage solutions. These issues need addressing to create a more practical and comfortable living environment.","**Analysis of the Mystery Room**

Based on the provided floorplan, we can analyze the two hypotheses regarding the unlabeled room.

**Hypothesis A: The Room is a Kitchen**

*   **Layout Fit:** Hypothesis A fits the layout better. Kitchens typically require more space for appliances and countertops, which aligns with the larger size of the mystery room compared to the living room.
*   **Evidence Supporting A:** The size of the room suggests it could accommodate kitchen fixtures like a stove, refrigerator, and sink, making it a plausible kitchen space.
*   **Counterfactual Analysis for B:** To make Hypothesis B (the room is a bedroom) valid, the room would need to be smaller to accommodate typical bedroom furniture such as a bed, dresser, and closet. Additionally, there should be fewer windows or a different window arrangement to create a more private space.

**Hypothesis B: The Room is a Bedroom**

*   **Layout Fit:** Hypothesis B does not fit the layout as well. Bedrooms usually require less space than kitchens and are designed for privacy, which contrasts with the larger size and window arrangement of the mystery room.
*   **Evidence Supporting B:** There is limited evidence supporting Hypothesis B. The room's size and window placement do not strongly suggest it is a bedroom.
*   **Counterfactual Analysis for A:** To make Hypothesis A (the room is a kitchen) valid, the room's size and window arrangement are already conducive to a kitchen layout. However, adding more details like plumbing for a sink and space for kitchen appliances would further support this hypothesis.

**Conclusion**

Given the analysis, Hypothesis A (the room is a kitchen) is the preferred hypothesis because it better fits the room's size and layout. For Hypothesis B (the room is a bedroom) to be valid, significant changes to the room's dimensions and features would be necessary."
9942720b-4d26-4661-9d24-238265f28334,normal,n/a,kitchen,sketchy_extreme,study/home_office,"The room's size, direct connection to the living room, and the overall layout suggest it serves as a quiet workspace or study area, common in small city apartments.",secondary_living_space_or_study/home_office,"Based on size, connections, and overall layout logic, suggesting a multifunctional space for efficiency and comfort in a small apartment.","**Critique of the Floorplan Design**

### Realism Score

The realism score is 5 out of 10, indicating a moderate level of realism in the design.

### Critique

The floorplan appears to be a small Chinese city apartment with a living room and an adjacent room. However, there are several issues with the design:

*   The living room is extremely large compared to the adjacent room, which is unrealistic for a small apartment.
*   The flow of the space does not make sense for a human resident. The living room is not connected to the adjacent room, making it difficult to move between the two spaces.
*   The lack of doors and windows in the design makes it unclear how natural light and ventilation will be provided to the space.

### Flaws

*   Unrealistic room sizes
*   Poor adjacency between spaces
*   Lack of doors and windows

### Strengths

*   Simple and easy-to-understand layout
*   Good use of negative space to create a sense of openness

Overall, while the design has some strengths, it has several major flaws that need to be addressed in order to create a functional and realistic floorplan.","Based on the floor plan, the unlabeled mystery room is more likely to be a kitchen than a bedroom. This is because the room is located near the living room and has a doorway that appears to lead to a hallway or other rooms, which is consistent with the typical layout of a kitchen in a residential home.

The evidence that supports this hypothesis includes:

*   The room's proximity to the living room, which is often adjacent to the kitchen in many homes.
*   The presence of a doorway that leads to a hallway or other rooms, which is consistent with the typical layout of a kitchen in a residential home.
*   The room's size and shape, which appears to be large enough to accommodate kitchen appliances and countertops.

To make the alternative hypothesis (that the room is a bedroom) valid, several changes would need to be made to the layout. These could include:

*   Moving the doorway to a different location, such as a hallway or corridor, to create a more private entrance to the room.
*   Adding windows or other natural light sources to the room, as bedrooms typically require more natural light than kitchens.
*   Redesigning the room's layout to accommodate a bed and other bedroom furniture, rather than kitchen appliances and countertops.

Overall, while it is possible that the mystery room could be used as a bedroom, the evidence suggests that it is more likely to be a kitchen based on its location and layout."
3d07d685-e407-4a22-9bdc-591b4a668ba1,normal,n/a,guest_bedroom,normal,kitchen,"The mystery room is located between the hallway and the living room, which suggests it might be a transitional or functional space. Its size and proportions are comparable to other rooms in the floorplan, indicating it could serve a specific purpose. Given its location and the overall layout, I predict the mystery room is likely a kitchen, as kitchens are often positioned near living areas and hallways for convenience.",dining_room_or_living_area,"Based on size, location, and connections, it is likely a dining room or living area.","**Realism Score:** 4

**Critique:**

The provided floor plan has several elements that detract from its realism and functionality, particularly in the context of a European old town style for a medium-sized residence. 

Firstly, the hallway is excessively large compared to the other rooms, which is unusual for old town designs that typically prioritize compact, functional spaces. This oversized hallway not only wastes valuable living space but also disrupts the flow between rooms.

Secondly, the placement of the kitchen directly adjacent to the hallway without any buffer or transitional space is unconventional. In traditional European layouts, kitchens often have a more secluded position or are buffered by a utility room or pantry to maintain privacy and minimize noise disturbance in living areas.

Lastly, the bedroom's direct access to the hallway without an intervening room or buffer space, such as a sitting area or study, is atypical for European old town homes, where privacy and separation of functions are valued.

**Flaws:**

- Oversized hallway
- Kitchen placement directly off the hallway
- Bedroom access directly from the hallway

**Strengths:**

- The inclusion of a separate living room suggests an effort to create distinct spaces for different activities, aligning with traditional European design principles.
- The layout does allow for some natural light penetration into the living areas, assuming appropriate window placements are considered in the final design.

To enhance realism and functionality, revisions should focus on optimizing room sizes, improving the adjacency of spaces, and incorporating more traditional European design elements that respect privacy and functional separation.","**Answer:**

**Step 1: Analyze the layout and identify key features.**

The floorplan shows a living room, bedroom, kitchen, hallway, and an unlabeled mystery room. The mystery room is located next to the kitchen and has a door that leads to the hallway.

**Step 2: Evaluate Hypothesis A (Guest Bedroom).**

Hypothesis A suggests that the mystery room is a guest bedroom. This hypothesis fits well with the layout because the room is located near the hallway, which would provide easy access for guests. Additionally, the room is not adjacent to the living room or kitchen, which would minimize noise disturbance.

**Step 3: Evaluate Hypothesis B (Kitchen).**

Hypothesis B suggests that the mystery room is a kitchen. This hypothesis does not fit well with the layout because there is already a kitchen located on the other side of the hallway. Having two kitchens in close proximity would be unnecessary and inefficient.

**Step 4: Compare the hypotheses and provide evidence.**

Based on the analysis, Hypothesis A (Guest Bedroom) fits the layout better than Hypothesis B (Kitchen). The evidence supporting Hypothesis A includes the room's location near the hallway and its separation from the living room and kitchen. The evidence supporting Hypothesis B is limited, as having two kitchens in close proximity is not practical.

**Step 5: Provide counterfactual analysis.**

To make Hypothesis B (Kitchen) valid, the layout would need to change significantly. For example, the existing kitchen could be relocated to make room for the mystery room to become a kitchen. Alternatively, the mystery room could be expanded to accommodate a larger kitchen area. However, these changes would require significant modifications to the existing layout and may not be feasible.

**Conclusion:**

In conclusion, Hypothesis A (Guest Bedroom) is the preferred hypothesis based on the analysis of the floorplan. The evidence supports this hypothesis, and the counterfactual analysis highlights the limitations of Hypothesis B (Kitchen).

**JSON Format:**

```
{
  ""preferred_hypothesis"": ""A"",
  ""reasoning"": ""Hypothesis A fits the layout better due to the room's location near the hallway and its separation from the living room and kitchen."",
  ""counterfactual_analysis"": ""To make Hypothesis B valid, the layout would need to change significantly, such as relocating the existing kitchen or expanding the"
3d07d685-e407-4a22-9bdc-591b4a668ba1,normal,n/a,guest_bedroom,sketchy_medium,kitchen,"The mystery room is located between the living room and hallway, which are typical locations for a kitchen in European old town style homes. Its size and proportions also suggest a kitchen, as it is larger than a typical closet or storage room but smaller than a bedroom or office. Additionally, the floor plan's layout and architectural style are consistent with a medium-sized European old town home, where kitchens are often centrally located and accessible from multiple rooms.",dining_room,"Based on the location, size, and adjacencies of the unlabeled room, it is likely a dining room due to its proximity to the kitchen and central position in the layout.","**Critique of the Floorplan Design**

**Realism Score:** 6

**Critique:**

The provided floorplan design exhibits some unrealistic elements and functional issues. The kitchen, hallway, living room, and bedroom are all reasonably sized and well-proportioned for a medium-sized European old town-style home. However, the design lacks a bathroom, which is a crucial element for any residential space. Additionally, the hallway appears to be excessively long and narrow, potentially creating a sense of claustrophobia.

In terms of functionality, the flow of the space is generally logical, with the living room and kitchen adjacent to each other, and the bedroom located at the end of the hallway. However, the lack of a bathroom and the narrow hallway may cause inconvenience for residents.

**Flaws:**

*   Lack of a bathroom
*   Excessively long and narrow hallway
*   Potential for claustrophobia in the hallway

**Strengths:**

*   Reasonably sized and well-proportioned rooms
*   Logical flow of space
*   Adherence to European old town-style aesthetic

Overall, while the design has some strengths, its realism score is lowered due to the omission of essential elements and functional issues.","**Analysis of the Mystery Room**

Based on the provided floorplan, we can analyze the two hypotheses regarding the unlabeled mystery room.

**Hypothesis A: The Room is a Guest Bedroom**

*   **Layout Fit**: Hypothesis A fits the layout better. The room's size and location suggest it could be a guest bedroom, as it is adjacent to other living spaces and has a reasonable size for a bedroom.
*   **Supporting Evidence**: The presence of a hallway leading to this room indicates it might be intended for private use, such as a bedroom. Additionally, its proximity to the living room and bedroom suggests a residential purpose.
*   **Counterfactual Analysis**: To make Hypothesis B (the room is a kitchen) valid, the layout would need significant changes. The room's location, away from the existing kitchen and without direct access to utility areas like plumbing, makes it less suitable for a kitchen. Significant renovations, including relocating plumbing and potentially expanding the room, would be necessary to accommodate kitchen facilities.

**Conclusion**

Given the analysis, Hypothesis A (the room is a guest bedroom) fits the layout better due to its size, location, and accessibility. While Hypothesis B (the room is a kitchen) is less plausible without substantial changes to the layout and infrastructure.

**JSON Format Response**

```json
{
    ""preferred_hypothesis"": ""A"",
    ""reasoning"": ""Hypothesis A fits the layout better due to the room's size, location, and accessibility, suggesting it is more likely to be a guest bedroom."",
    ""counterfactual_analysis"": ""To make Hypothesis B valid, the layout would need significant changes, including relocating plumbing and potentially expanding the room, to accommodate kitchen facilities.""
}
```"
3d07d685-e407-4a22-9bdc-591b4a668ba1,normal,n/a,guest_bedroom,sketchy_extreme,closet,"The mystery room is small and narrow, suggesting it is not a primary living space. Its location near the hallway and lack of connection to other rooms imply it serves a utility or storage purpose, typical of a closet in European old town architecture.",dining_room,"The size, adjacencies, and position of the unlabeled room suggest that it is a dining room, which is a common feature in European old town-style homes.","**Answer:**

**Realism Score:** 4

**Critique:**

The provided floorplan design exhibits several unrealistic elements and functional flaws, detracting from its overall realism. The layout's shortcomings are discussed below:

*   **Unrealistic Room Sizes:** The living room appears excessively large compared to the other rooms, which seems impractical for a medium-sized European old town-style home.
*   **Poor Adjacencies:** The bedroom is situated directly adjacent to the hallway, lacking a buffer zone or closet for storage and privacy. This arrangement may not be ideal for residents seeking a more secluded sleeping area.
*   **Inefficient Flow:** The flow between rooms appears somewhat disjointed, with the kitchen and living room not being directly connected. This could lead to difficulties in navigating the space and potentially hinder social interactions between occupants.

**Flaws:**

*   Unrealistic room sizes
*   Poor adjacencies
*   Inefficient flow

**Strengths:**

*   The design incorporates a hallway, which can help to create a sense of separation between different areas of the home.
*   The inclusion of a kitchen and living room suggests an attempt to provide functional spaces for daily activities.

Overall, while the design demonstrates some positive aspects, its numerous flaws significantly impact its realism and functionality. Addressing these issues would be essential to creating a more practical and livable space.","**Analysis of the Unlabeled Room in the Floorplan**

**Step 1: Identify the Room's Purpose**

The unlabeled room is situated next to the living room and bedroom, indicating its potential use as a guest bedroom or kitchen.

**Step 2: Compare Hypotheses A and B**

*   **Hypothesis A: Guest Bedroom**
    *   The room's proximity to the living room and bedroom suggests it could be a guest bedroom.
    *   The lack of kitchen-specific features (e.g., counters, sink) supports this hypothesis.
*   **Hypothesis B: Kitchen**
    *   The room's size and layout could accommodate kitchen fixtures (e.g., counters, sink, stove).
    *   However, the room's proximity to the living room and bedroom makes it less likely to be a kitchen.

**Step 3: Evaluate Evidence for Each Hypothesis**

*   **Evidence Supporting Hypothesis A (Guest Bedroom)**
    *   Proximity to living room and bedroom
    *   Lack of kitchen-specific features
*   **Evidence Supporting Hypothesis B (Kitchen)**
    *   Room size and layout
    *   Potential for kitchen fixtures

**Step 4: Determine What Would Need to Change for the Other Hypothesis to be Valid**

*   **For Hypothesis B (Kitchen) to be Valid**
    *   The room would need to be relocated to a more central location in the house.
    *   Kitchen-specific features (e.g., counters, sink, stove) would need to be added.
*   **For Hypothesis A (Guest Bedroom) to be Valid**
    *   The room's layout would need to be modified to accommodate bedroom furniture (e.g., bed, dresser).
    *   A closet or storage area would need to be added.

**Conclusion**

Based on the analysis, Hypothesis A (Guest Bedroom) is the more plausible explanation for the unlabeled room. The room's proximity to the living room and bedroom, combined with the lack of kitchen-specific features, supports this hypothesis. However, if the room were relocated to a more central location and kitchen-specific features were added, Hypothesis B (Kitchen) could also be valid.

**JSON Format Response**

```json
{
  ""preferred_hypothesis"": ""A"",
  ""reasoning"": ""The room's proximity to the living room and bedroom, combined with the"
fddb2566-7a69-4f10-9a63-18fe7c7c09cf,normal,n/a,kitchen,normal,bedroom,"**Room Type Prediction**

*   **Room Type:** Bathroom
*   **Reasoning:** The mystery room is likely a bathroom due to its small size, location adjacent to the master bedroom, and typical placement in residential floor plans. Its compact dimensions and proximity to the bedroom suggest a functional space for personal hygiene, consistent with common architectural design principles in US suburban homes.",bathroom_or_closet,"Based on size, adjacency, and position, suggesting a private space for the Master Bedroom","**Realism Score:** 4

**Critique:**

The provided floor plan appears to be a simplified representation of a small US suburb-style home. However, several elements raise concerns regarding realism and functionality:

*   **Room Sizes:** The master bedroom and living room are disproportionately large compared to typical small US suburb homes. This imbalance may not accurately reflect the space allocation priorities in such residences.
*   **Adjacencies:** The adjacency of the living room and master bedroom seems unusual. Typically, in small homes, these spaces are separated by other areas like hallways or dining rooms to maintain privacy and create a sense of separation between public and private spaces.
*   **Flow:** The flow from the living room directly into the master bedroom does not make sense for a human resident. It lacks a clear path for movement between these spaces without entering the bedroom, which could be inconvenient and disrupt privacy.
*   **Missing Elements:** The absence of essential rooms such as a kitchen, bathroom, and possibly additional bedrooms or a dining area makes the floor plan unrealistic for a functional home.

**Flaws:**

*   Unrealistic room sizes
*   Poor adjacencies
*   Inefficient flow
*   Lack of essential rooms

**Strengths:**

*   Simple layout for easy understanding
*   Clearly defined spaces (though their sizes and placements are questionable)

Overall, while the simplicity of the design might be beneficial for certain purposes, it falls short in accurately representing a functional and realistic small US suburb home due to its unrealistic room sizes, poor adjacencies, inefficient flow, and omission of critical rooms.","**Answer:**

**Step 1: Identify the unlabeled room in the floorplan.**

The unlabeled room is located between the Living Room and Master Bedroom.

**Step 2: Compare Hypothesis A (Kitchen) and Hypothesis B (Bedroom).**

Hypothesis A: The room is a kitchen.
Hypothesis B: The room is a bedroom.

**Step 3: Determine which hypothesis fits the layout better.**

Based on the floorplan, the unlabeled room is located between the Living Room and Master Bedroom, which suggests that it is more likely to be a kitchen, as kitchens are often located near living areas and bedrooms. Therefore, Hypothesis A fits the layout better.

**Step 4: Identify evidence supporting Hypothesis A.**

*   The room's location between the Living Room and Master Bedroom suggests that it is a kitchen, as kitchens are often located near living areas and bedrooms.
*   The room's size and shape are consistent with a typical kitchen layout.

**Step 5: Identify evidence supporting Hypothesis B.**

*   There is no clear evidence to support Hypothesis B, as the room's location and size do not suggest a bedroom.
*   The presence of a Master Bedroom nearby suggests that the unlabeled room is unlikely to be another bedroom.

**Step 6: Determine what would need to change in the layout to make the other hypothesis valid.**

To make Hypothesis B valid, the following changes would be necessary:

*   The room would need to be relocated to a different part of the floorplan, away from the Living Room and Master Bedroom.
*   The room would need to be resized to accommodate a bedroom layout.

**Conclusion:**

Based on the analysis, Hypothesis A (Kitchen) fits the layout better than Hypothesis B (Bedroom). The evidence supporting Hypothesis A includes the room's location between the Living Room and Master Bedroom, as well as its size and shape. To make Hypothesis B valid, significant changes would be necessary to the layout.

**JSON Output:**

```
{
    ""preferred_hypothesis"": ""A"",
    ""reasoning"": ""Hypothesis A fits the layout better due to the room's location between the Living Room and Master Bedroom, as well as its size and shape."",
    ""counterfactual_analysis"": ""To make Hypothesis B valid, the room would need to be"
fddb2566-7a69-4f10-9a63-18fe7c7c09cf,normal,n/a,kitchen,sketchy_medium,storage,"The mystery room is small and located between the living room and master bedroom, suggesting it may be used for storage. Its size and location are consistent with a closet or storage area, which is common in US suburban homes.",bathroom_or_closet,"Based on its size, adjacency, and position, it is likely a functional space such as a bathroom or closet.","**Floorplan Critique**

**Realism Score:** 4

**Critique:**

The provided floorplan lacks realism and functionality, primarily due to its simplicity and lack of detail. The design fails to consider essential elements such as door and window placements, hallway widths, and closet spaces, which are crucial for a functional and realistic living space.

**Flaws:**

*   **Lack of Door and Window Placements:** The absence of door and window placements makes it difficult to assess the functionality and natural lighting within each room.
*   **Insufficient Hallway Width:** The hallway width is not specified, which could lead to narrow corridors that hinder movement and furniture placement.
*   **Missing Closet Spaces:** Closet spaces are essential for storage and organization, but their absence in the design raises concerns about the practicality of the layout.

**Strengths:**

*   **Simple Layout:** The simplicity of the layout could be beneficial for those who prefer a minimalist approach to interior design.
*   **Potential for Customization:** The lack of detailed features allows for flexibility in customization, enabling residents to tailor the space according to their preferences.

In conclusion, while the floorplan has some positive aspects, its realism and functionality are compromised by the omission of critical design elements. A more detailed and thoughtful approach to the design would enhance its overall realism and livability.","Based on the floorplan, the unlabeled mystery room is more likely to be a kitchen than a bedroom. Here's why:

**Reasoning:**

*   The room is located near the living room, which is a common layout for kitchens.
*   The room has a smaller size compared to the living room and master bedroom, which is consistent with the typical size of a kitchen.
*   There are no windows or doors leading directly to the outside from this room, which is also consistent with the typical design of a kitchen.

**Counterfactual Analysis:**

To make the other hypothesis (that the room is a bedroom) valid, several changes would need to be made to the layout:

*   The room would need to be larger to accommodate a bed and other bedroom furniture.
*   A window or door leading directly to the outside would need to be added to provide natural light and ventilation.
*   The location of the room would need to be changed to a more private area of the house, away from the living room and other high-traffic areas.

In conclusion, based on the layout and design of the floorplan, it is more likely that the unlabeled mystery room is a kitchen than a bedroom.

**Answer:** { ""preferred_hypothesis"": ""A"", ""reasoning"": ""The room is located near the living room, has a smaller size, and lacks windows or doors leading directly to the outside."", ""counterfactual_analysis"": ""To make the other hypothesis valid, the room would need to be larger, have a window or door leading directly to the outside, and be located in a more private area of the house."" }"
fddb2566-7a69-4f10-9a63-18fe7c7c09cf,normal,n/a,kitchen,sketchy_extreme,bathroom,"The mystery room is small and narrow, which is consistent with the typical size and shape of bathrooms. It is located between the living room and master bedroom, which is a common location for bathrooms in suburban homes. Additionally, the room appears to have a door that connects it to the master bedroom, which further supports the prediction that it is a bathroom.",dining_room,"Size, adjacencies, and position suggest a central, functional room like a dining room.","**Critique of Floorplan Design**

Based on the provided floorplan, I have identified several elements that detract from its realism and functionality. The following critique outlines these issues in detail.

**Realism Score: 4**

The floorplan's realism score is 4 due to several unrealistic elements, including:

*   **Unrealistic Room Sizes:** The living room and master bedroom appear to be disproportionately large compared to the rest of the house.
*   **Poor Adjacencies:** The placement of the kitchen and dining area in relation to the living room and master bedroom seems awkward and impractical.

**Flaws:**

*   **Lack of Hallways:** The absence of hallways connecting different areas of the house creates a sense of disjointedness and makes navigation difficult.
*   **Inefficient Use of Space:** The floorplan does not make efficient use of space, with large rooms and narrow corridors.
*   **Insufficient Storage:** There is no visible storage space, such as closets or pantries, which would be essential for a functional home.

**Strengths:**

*   **Simple Layout:** The floorplan has a simple and easy-to-understand layout, which could be beneficial for residents who value simplicity.
*   **Natural Light:** The placement of windows and doors allows for ample natural light throughout the house.

**JSON Format Critique:**

```json
{
    ""realism_score"": 4,
    ""critique"": ""The floorplan lacks realism due to its unrealistic room sizes, poor adjacencies, and inefficient use of space. However, it has a simple layout and allows for ample natural light."",
    ""flaws"": [
        ""Unrealistic room sizes"",
        ""Poor adjacencies"",
        ""Lack of hallways"",
        ""Inefficient use of space"",
        ""Insufficient storage""
    ],
    ""strengths"": [
        ""Simple layout"",
        ""Ample natural light""
    ]
}
```

In conclusion, while the floorplan has some positive aspects, its unrealistic elements and poor design choices detract from its overall realism and functionality.","Based on the floorplan, the unlabeled room is more likely to be a kitchen than a bedroom. Here's why:

1.  **Layout**: The room is located near the living room and has a door that opens into it. This suggests that the room is intended for a purpose that is related to the living room, such as a kitchen or dining area.
2.  **Size**: The room is smaller than the master bedroom, which suggests that it may not be intended for sleeping or relaxation.
3.  **Windows**: The room has two windows, which could provide natural light for a kitchen or dining area.

**Evidence for Hypothesis A (Kitchen)**

*   The room's location near the living room and its size suggest that it may be a kitchen or dining area.
*   The two windows in the room could provide natural light for a kitchen or dining area.

**Evidence for Hypothesis B (Bedroom)**

*   The room's size is similar to that of the master bedroom, which suggests that it may be intended for sleeping or relaxation.
*   The room has a door that opens into the living room, which could suggest that it is a bedroom or office.

**Counterfactual Analysis**

To make Hypothesis B (Bedroom) valid, the following changes would need to be made to the layout:

*   The room would need to be larger to accommodate a bed and other furniture.
*   The door would need to be relocated to a more private area of the house, such as a hallway or corridor.
*   The windows would need to be smaller or fewer in number to reduce the amount of natural light entering the room.

Overall, based on the layout and features of the room, it is more likely that the unlabeled room is a kitchen than a bedroom. However, without additional information or context, it is impossible to say for certain what the room is intended for."
5380455b-2882-419b-bec9-364e8f543638,normal,n/a,bedroom,normal,bedroom,"The mystery room is large and rectangular, with a door connecting to the living room. Its size and proportions suggest it could be a bedroom. The overall layout and architectural style of the floor plan, typical of a Japanese apartment, also support this prediction.",dining_room,"size, location, and adjacencies suggest a dining room","**Realism Score:** 4

**Critique:**

The provided floor plan for a Japanese apartment exhibits several unrealistic elements and functional issues. 

*   The living room is disproportionately large compared to other rooms, which is uncommon in typical Japanese apartments where space efficiency is paramount.
*   The kitchen's small size is not conducive to practical cooking or meal preparation, especially considering the extra-large size of the apartment.
*   The bathroom's placement adjacent to the balcony is unusual, as bathrooms are typically located closer to bedrooms for privacy and convenience.
*   The absence of any bedrooms in the layout is a significant flaw, as bedrooms are essential components of any residential space.

Despite these criticisms, the floor plan does attempt to incorporate elements of Japanese design, such as the emphasis on open spaces and natural light, which are characteristic of traditional Japanese architecture.

**Flaws:**

*   Disproportionate room sizes
*   Unrealistic kitchen size
*   Inconvenient bathroom placement
*   Absence of bedrooms

**Strengths:**

*   Attempt at incorporating Japanese design elements
*   Emphasis on open spaces and natural light","**Analysis of the Mystery Room Hypotheses**

Based on the provided floorplan, we can analyze the two hypotheses regarding the unlabeled mystery room: Hypothesis A (the room is a bedroom) and Hypothesis B (the room is a kitchen).

**1. Which Hypothesis Fits the Layout Better?**

Hypothesis A (the room is a bedroom) fits the layout better. The room's location, adjacent to the living room and separated from the main activity areas (kitchen, bathroom, balcony), suggests a more private space typically associated with bedrooms.

**2. Evidence Supporting Hypothesis A**

*   **Location**: The room's placement next to the living room but away from the kitchen and bathroom aligns with common residential layouts where bedrooms are situated for privacy.
*   **Size**: Assuming the scale is consistent across the floorplan, the room appears to be of a size suitable for a bedroom, offering enough space for a bed and possibly other furniture.
*   **Privacy**: Its separation from the main living areas by the living room supports the notion that it is intended for private use, such as sleeping or personal activities.

**3. Evidence Supporting Hypothesis B**

*   **Proximity to the Kitchen**: While not directly adjacent, the room is relatively close to the kitchen, which could be advantageous for a kitchen extension or utility room. However, this proximity alone does not strongly support the room being a kitchen given its size and the existing kitchen's presence.
*   **Layout Flexibility**: If considering a non-standard layout, one might argue the room could serve as an extension of the kitchen or a dining area. However, without specific design elements (like counters or dining spaces), this remains speculative.

**4. Changes Needed to Validate the Other Hypothesis**

To make Hypothesis B (the room is a kitchen) valid, significant changes in the layout would be necessary:

*   **Expansion or Redesign of the Existing Kitchen**: The current kitchen would likely need to be expanded or reconfigured to accommodate the mystery room as part of the kitchen space. This could involve removing walls, installing kitchen fixtures, and possibly reorienting the layout for better workflow.
*   **Addition of Kitchen Features**: The mystery room would need to be equipped with kitchen-specific features such as counters, sinks, and possibly appliances to function as an integral part of the kitchen.
*   **Redistribution of Living Space**: Depending on the desired layout"
5380455b-2882-419b-bec9-364e8f543638,normal,n/a,bedroom,sketchy_medium,living_room,"The unlabeled room is likely a living room due to its large size and central location in the floor plan, which suggests it serves as a communal space. Its proximity to the kitchen and balcony also supports this interpretation, as these areas are often adjacent to living rooms in Japanese apartment designs. Furthermore, the room's rectangular shape and lack of any obvious functional features, such as a bathroom or storage area, further support the conclusion that it is a living room.",dining_room,"Size, location, and adjacencies suggest a dining room function.","**Realism Score:** 4

**Critique:**

This floor plan presents several challenges in terms of realism and functionality for a Japanese apartment, especially considering its extra-large size. The layout lacks the traditional Japanese design elements such as tatami rooms, sliding doors, and minimalistic decor. Instead, it resembles a Western-style apartment with a large living room, kitchen, bathroom, and balcony. The absence of a bedroom is a significant oversight, as it is an essential component of any residential space.

The flow of the apartment does not make sense for a human resident. The living room is directly connected to the kitchen, which may not be desirable for residents who prefer to keep cooking smells and noises separate from their living area. Additionally, the bathroom is located far from the living room, which could be inconvenient for residents who need to use the bathroom frequently.

The realism score of 4 reflects the lack of attention to traditional Japanese design elements and the impractical layout of the apartment.

**Flaws:**

*   Absence of a bedroom
*   Lack of traditional Japanese design elements
*   Impractical layout
*   Inconvenient location of the bathroom

**Strengths:**

*   Extra-large size provides ample space for residents
*   Large living room and kitchen offer flexibility for entertaining and cooking
*   Balcony provides outdoor space for relaxation and enjoyment","**Analysis of Hypotheses for the Unlabeled Room**

### Step 1: Identifying the Preferred Hypothesis

Based on the layout, **Hypothesis A: The room is a bedroom** fits better. This is because bedrooms are typically located away from the main living areas and have more private access, which aligns with the room's position in the floorplan.

### Step 2: Evidence Supporting Hypothesis A

*   **Location**: The room is situated at the end of the hallway, providing privacy and isolation from the rest of the living space.
*   **Size**: Although not explicitly stated, the room appears to be of a reasonable size for a bedroom, considering the scale of the other rooms in the floorplan.
*   **Accessibility**: It has direct access from the hallway, making it easily accessible while maintaining privacy.

### Step 3: Evidence Supporting Hypothesis B

*   **Layout Flexibility**: While the room's current layout does not strongly suggest a kitchen, it could potentially be adapted for such use with some modifications.
*   **Size**: Similar to the argument for a bedroom, the room's size could accommodate a small kitchen or a kitchenette, depending on the specific dimensions provided in the floorplan.

### Step 4: Counterfactual Analysis for Making the Other Hypothesis Valid

To make **Hypothesis B: The room is a kitchen** valid, several changes would be necessary:

*   **Reconfiguration of the Space**: The room would need to be reconfigured to include the necessary fixtures for a kitchen, such as plumbing for a sink, space for appliances, and possibly an area for dining.
*   **Adjustment of Adjacent Rooms**: Depending on the desired layout, adjustments might be needed to the adjacent rooms to ensure a smooth flow and functionality between spaces.
*   **Incorporation of Ventilation and Lighting**: Proper ventilation and lighting solutions would need to be integrated into the room's design to accommodate cooking activities.

**Conclusion**

Given the current layout and typical architectural practices, Hypothesis A is more plausible. However, with significant modifications, the room could be adapted to serve as a kitchen, fulfilling the requirements outlined in the counterfactual analysis.

**JSON Format Response**

```json
{
  ""preferred_hypothesis"": ""A"",
  ""reasoning"": ""Hypothesis A fits better due to the room's location and size, which are more conducive to"
5380455b-2882-419b-bec9-364e8f543638,normal,n/a,bedroom,sketchy_extreme,living_room,"The unlabeled room is located adjacent to the kitchen and appears to be a central space in the floor plan. Its size and proportions suggest it could serve as a living room, given its proximity to the kitchen and the overall layout of the apartment. In Japanese apartments, living rooms are often situated near the kitchen for convenience and social interaction.",living_room_or_combined_living_and_dining_area,"Size, central location, and connections to other rooms","**Critique of the Floorplan Design**

**Realism Score:** 4

**Critique:**

The provided floorplan design for a Japanese apartment exhibits several unrealistic elements and functional issues. The most striking aspect is the enormous size of the living room, which appears disproportionate to the rest of the apartment. This raises questions about the practicality of such a large space in a residential setting, especially considering the typical modest sizes of Japanese apartments.

Another concern is the placement of the balcony, which seems to be an afterthought rather than an integral part of the design. Its position at the end of the hallway, accessible only through the bathroom, is both inconvenient and potentially unsafe. In a real-world scenario, it would be more logical to have the balcony connected directly to the living room or a bedroom for easier access and better utilization of outdoor space.

Furthermore, the flow within the apartment does not make sense for human residents. The linear layout, with rooms stretching out in a straight line, lacks the fluidity and functionality that would be expected in a modern living space. For instance, the kitchen is isolated from the rest of the living areas, which could hinder social interaction and cooking activities.

Lastly, while the design attempts to incorporate elements of Japanese aesthetics, such as the tatami room, it feels somewhat superficial and lacks the depth and authenticity that would make it truly representative of Japanese culture.

**Flaws:**

* Unrealistic room sizes (especially the living room)
* Poor balcony placement
* Inefficient flow within the apartment
* Lack of authentic Japanese design elements

**Strengths:**

* Attempt to incorporate traditional Japanese features (e.g., tatami room)
* Openness of the living area (though this is somewhat mitigated by the overall poor design choices)

Overall, while the design shows some effort to incorporate cultural elements, it falls short in terms of realism and functionality. Significant revisions are needed to create a more practical and culturally sensitive living space.","**Analysis of Hypotheses for the Unlabeled Room**

**Step 1: Identify the Preferred Hypothesis**

Based on the floorplan, Hypothesis A (the room is a bedroom) fits the layout better.

**Step 2: Provide Reasoning for the Preferred Hypothesis**

The unlabeled room is located adjacent to the bathroom and has a balcony, which are common features found in bedrooms. Additionally, the room's size and shape suggest that it could accommodate a bed and other bedroom furniture.

**Step 3: Analyze Evidence Supporting Each Hypothesis**

Evidence supporting Hypothesis A:

* The room's proximity to the bathroom
* The presence of a balcony, which is often associated with bedrooms
* The room's size and shape, which suggest that it could accommodate bedroom furniture

Evidence supporting Hypothesis B:

* None, as there are no clear indications that the room is a kitchen.

**Step 4: Counterfactual Analysis**

To make Hypothesis B (the room is a kitchen) valid, several changes would be necessary:

* The room would need to be relocated to an area with easier access to plumbing and electrical connections.
* The room's size and shape would need to be adjusted to accommodate kitchen appliances and countertops.
* The balcony would need to be removed or reconfigured to create space for a kitchen.

**Conclusion**

Based on the analysis, Hypothesis A (the room is a bedroom) is the more plausible explanation for the unlabeled room in the floorplan. While Hypothesis B (the room is a kitchen) could potentially be valid with significant changes to the layout, the current design suggests that the room is more likely to be a bedroom.

**JSON Format**

```
{
  ""preferred_hypothesis"": ""A"",
  ""reasoning"": ""The room's proximity to the bathroom, presence of a balcony, and size and shape suggest that it is a bedroom."",
  ""counterfactual_analysis"": ""To make Hypothesis B valid, the room would need to be relocated, resized, and reconfigured to accommodate kitchen appliances and countertops.""
}
```"
4aad113c-60c8-4b79-9709-bfa88fc9cbf6,normal,n/a,bathroom,normal,storage,"**Solution to the Floorplan Mystery Room**

**Step 1: Identify the Mystery Room**

The mystery room is located at the bottom left of the floor plan, adjacent to the Dining Room.

**Step 2: Analyze the Room's Characteristics**

*   **Size and Proportions:** The room is relatively small compared to other rooms in the house.
*   **Location:** It is situated near the Dining Room, which suggests it might serve a purpose related to dining or food preparation.
*   **Connections:** There are no visible doors connecting this room to other parts of the house, indicating it might be a utility or storage space.

**Step 3: Predict the Room Type and Explain the Reasoning**

Given its size, location, and lack of connections to other rooms, it is reasonable to predict that the mystery room is a **Pantry** or a storage area for food and kitchen supplies. This conclusion is based on the room's proximity to the Dining Room and its compact size, which are typical characteristics of pantries in suburban US homes.

**Conclusion:**

*   **room_type:** Pantry
*   **reasoning:** The mystery room's small size, location near the Dining Room, and lack of connections to other rooms suggest it is likely used for storing food and kitchen supplies, making it a pantry.",family_room_or_home_office,"Based on its size, adjacencies, and position, the unlabeled room is likely a functional space for daily activities, making it a probable Family Room or Home Office.","**Realism Score:** 6

**Critique:**

This floor plan presents a mix of realistic and unrealistic elements. The overall layout seems to follow a typical suburban home design, with a clear separation between public and private spaces. However, there are several aspects that detract from its realism.

**Flaws:**

*   **Unrealistic Room Sizes:** The dining room appears disproportionately large compared to the rest of the house, especially considering it's adjacent to a garage. In most suburban homes, the garage is a significant feature, and its placement next to the dining room feels unusual.
*   **Poor Adjacencies:** The placement of the bathroom directly off the living room is unconventional. Typically, bathrooms are located near bedrooms or in a hallway to provide privacy and accessibility.
*   **Lack of Hallway:** The absence of a hallway connecting the bedrooms is notable. Hallways serve not only as circulation paths but also help in defining different zones within the house, which is missing here.
*   **Insufficient Closet Space:** There's no indication of closet space in the bedrooms, which is unrealistic for a large suburban home where storage is a premium.

**Strengths:**

*   **Clear Zoning:** Despite the lack of a hallway, the bedrooms are clustered together, creating a clear private zone within the house.
*   **Open Living Area:** The combination of the living room and dining room creates an open living area, which is common in modern suburban homes and promotes social interaction.
*   **Garage Integration:** Having the garage integrated into the main house is realistic for suburban homes, as it allows for direct access from the living areas.

In conclusion, while this floor plan attempts to mimic the layout of a large suburban home, it falls short due to unrealistic room sizes, poor adjacencies, and the lack of essential features like hallways and closet space. With adjustments to address these issues, the design could better reflect the needs and expectations of a suburban resident.","Based on the layout, the preferred hypothesis is A: The room is a bathroom. 

The reasoning for this choice is that the unlabeled room is located near the master bedroom and is relatively small in size, which is consistent with typical bathroom layouts. Additionally, the room's proximity to the bedroom suggests that it may be an en-suite bathroom.

The evidence that supports hypothesis A includes the room's size and location, as well as the fact that it is not connected to any other rooms that would suggest it is a kitchen or dining area.

On the other hand, hypothesis B (the room is a kitchen) is less likely because the room is not located near any other areas that would suggest it is a kitchen, such as a dining room or living room. Additionally, the room's size and shape do not appear to be conducive to a kitchen layout.

To make hypothesis B valid, several changes would need to be made to the layout. For example, the room would need to be larger and more rectangular in shape to accommodate kitchen appliances and countertops. Additionally, the room would need to be located near other areas that would suggest it is a kitchen, such as a dining room or living room.

Here is the analysis in JSON format:

{
  ""preferred_hypothesis"": ""A"",
  ""reasoning"": ""The room is located near the master bedroom and is relatively small in size, which is consistent with typical bathroom layouts."",
  ""counterfactual_analysis"": ""To make hypothesis B valid, the room would need to be larger and more rectangular in shape to accommodate kitchen appliances and countertops, and would need to be located near other areas that would suggest it is a kitchen, such as a dining room or living room.""
}"
4aad113c-60c8-4b79-9709-bfa88fc9cbf6,normal,n/a,bathroom,sketchy_medium,closet,"**Room Type Prediction**

* **Mystery Room**: Closet
* **Reasoning**: The mystery room is small and narrow, suggesting it is not a primary living space. Its location adjacent to the master bedroom and bathroom implies it is likely a closet, providing storage for these rooms. The room's compact size and proximity to other rooms are consistent with typical closet designs in US suburban homes.",study/home_office,"Size, adjacency, and layout suggest a space for work and leisure, not typical of bedrooms or utility rooms.","**Floor Plan Review and Critique**

**Realism Score:** 6

**Critique:**

The provided floor plan exhibits a mix of realistic and unrealistic elements. The overall layout is spacious, aligning with the large size typical of US suburban homes. However, several aspects warrant attention for realism and functionality:

*   **Odd Elements:**
    *   **Master Bedroom Placement:** The master bedroom is situated at the rear of the house, which is common. However, its adjacency to the kitchen and dining area might not be ideal for privacy and noise control.
    *   **Garage Positioning:** The garage's placement at the center of the house is unusual. Typically, garages are positioned closer to the front or side of the property for easier access and to minimize the impact on interior spaces.
    *   **Bathroom Accessibility:** The bathroom is located in a corner, accessible only through the living room. This could lead to privacy issues and may not be convenient for guests or family members.
*   **Flow and Functionality:**
    *   The flow between the living room, dining room, and kitchen appears logical and conducive to social interaction.
    *   The separation of the master bedroom from the rest of the living areas enhances privacy.
*   **Strengths:**
    *   Ample space in all rooms, including the living room, dining room, and bedrooms, contributing to a comfortable living environment.
    *   The inclusion of a garage provides additional storage and parking space.

**Flaws:**

*   Unconventional garage placement
*   Limited bathroom accessibility
*   Potential privacy concerns due to the master bedroom's proximity to the kitchen and dining area

**Strengths:**

*   Spacious rooms for comfort
*   Garage inclusion for storage and parking

In conclusion, while the floor plan offers spacious living areas and includes desirable features like a garage, it falls short in terms of realistic room placements and functional flow. Addressing these issues could significantly enhance the usability and appeal of the design.","**Analysis of the Mystery Room in the Floorplan**

To determine whether the unlabeled room is a bathroom or a kitchen, we need to analyze the layout and the surrounding rooms.

**Layout Analysis**

The mystery room is located next to the living room and the dining room. It is also adjacent to the garage, which suggests that it may be a utility room or a storage space. However, its proximity to the living room and dining room makes it more likely to be a functional space that serves these areas.

**Hypothesis A: The Room is a Bathroom**

*   Evidence supporting this hypothesis:
    *   The room's location near the living room and dining room could suggest that it is a powder room or a guest bathroom.
    *   The room's small size could indicate that it is a bathroom, as bathrooms are typically smaller than kitchens.
*   Counterfactual analysis: If the room were a bathroom, it would likely have a door that opens into the living room or dining room, providing easy access for guests.

**Hypothesis B: The Room is a Kitchen**

*   Evidence supporting this hypothesis:
    *   The room's location near the dining room could suggest that it is a kitchen, as kitchens are often located near dining areas.
    *   The room's size could indicate that it is a kitchen, as kitchens are typically larger than bathrooms.
*   Counterfactual analysis: If the room were a kitchen, it would likely have a door that opens into the dining room, providing easy access for food and drinks.

**Conclusion**

Based on the analysis, Hypothesis A (the room is a bathroom) fits the layout better. The room's small size and location near the living room and dining room suggest that it is a bathroom. However, if the room were a kitchen, it would likely have a door that opens into the dining room, providing easy access for food and drinks.

**JSON Format**

```json
{
  ""preferred_hypothesis"": ""A"",
  ""reasoning"": ""The room's small size and location near the living room and dining room suggest that it is a bathroom."",
  ""counterfactual_analysis"": ""If the room were a kitchen, it would likely have a door that opens into the dining room, providing easy access for food and drinks.""
}
```"
4aad113c-60c8-4b79-9709-bfa88fc9cbf6,normal,n/a,bathroom,sketchy_extreme,closet,"The mystery room is small and narrow, suggesting it's not a living space. It's located near the garage and dining room, which are common locations for closets or storage areas in suburban US homes. The overall layout and architectural style of the floorplan also suggest a functional, practical use for this room, rather than a decorative or recreational one.",family_room_or_study/home_office,"Size, adjacencies, and layout position suggest a secondary living space or home office.","**Realism Score:** 5

**Critique:**

This floorplan design exhibits a mix of realistic and unrealistic elements. The overall layout appears to be a large US suburb-style house, but upon closer inspection, several issues arise.

**Flaws:**

*   **Unrealistic Room Sizes:** The master bedroom is significantly larger than the other bedrooms, which may not be practical or desirable for most families.
*   **Bad Adjacencies:** The garage is located adjacent to the living room, which could lead to noise disturbances and disrupt the peaceful atmosphere of the living space.
*   **Lack of Storage:** There is no clear indication of storage spaces such as closets or pantries, which are essential for maintaining organization and functionality in a home.
*   **Inefficient Flow:** The flow of the house is not well-designed, with long hallways and narrow doorways that could make navigation difficult.

**Strengths:**

*   **Spacious Living Areas:** The living room and dining room are generously sized, providing ample space for relaxation and entertainment.
*   **Natural Light:** The placement of windows and doors allows for an abundance of natural light to enter the home, creating a bright and airy atmosphere.

Overall, while this floorplan design has some positive aspects, it requires significant revisions to address the identified flaws and improve its realism and functionality.","Based on the floorplan, Hypothesis B: The room is a kitchen appears to be the more plausible explanation. Here's a breakdown of the reasoning:

1. **Layout Fit**: The unlabeled room is positioned near the dining room and has a similar size, which is consistent with typical kitchen placements in homes. Kitchens are often adjacent to dining areas for convenience and to facilitate meal preparation and serving.

2. **Evidence Supporting A (Bathroom)**: There isn't strong evidence in the layout to suggest this room is a bathroom. Bathrooms are usually smaller and placed closer to bedrooms or as an en-suite, which doesn't align well with the location and size of this room.

3. **Evidence Supporting B (Kitchen)**: The proximity to the dining room and the room's size are key indicators. Kitchens are typically larger than bathrooms to accommodate appliances and working space. The positioning near the dining area aligns with common household layouts designed for efficient meal preparation and service.

4. **Counterfactual Analysis**: To make Hypothesis A (the room is a bathroom) valid, the layout would need significant adjustments. The room would need to be smaller and ideally placed closer to bedrooms or as an en-suite bathroom, which would require substantial changes to the current floorplan. Additionally, the presence of another bathroom already labeled in the layout reduces the necessity for another bathroom in the same general area, further supporting the kitchen hypothesis.

**Conclusion**: Given the analysis, Hypothesis B (the room is a kitchen) fits the layout better due to its size and strategic placement near the dining room, which aligns with typical household designs for functionality and convenience.

**JSON Format Response**:
```json
{
    ""preferred_hypothesis"": ""B"",
    ""reasoning"": ""The room's size and proximity to the dining area align more closely with the typical placement and function of a kitchen in a household layout."",
    ""counterfactual_analysis"": ""For Hypothesis A to be valid, the room would need to be significantly smaller and relocated closer to bedrooms or as an en-suite, which would require major alterations to the current floorplan.""
}
```"
988053b7-6ec4-4653-ba2d-ab5aedc98357,adversarial,size_mismatch,bathroom,normal,kitchen,"The mystery room is likely the kitchen due to its size and location adjacent to the living room and bedroom, which is a common layout in Australian homes. Additionally, the room's shape and proportions suggest it may contain appliances and countertops, further supporting this prediction.",second_bedroom_or_home_office,"Based on size, adjacency, and position, the unlabeled room is likely a second bedroom or home office.","**Critique of the Floorplan Design**

**Realism Score:** 6

**Critique:**

The floorplan design presents a medium-sized Australian house with a relatively standard layout. However, upon closer inspection, several elements raise concerns regarding realism and functionality.

**Flaws:**

*   **Unrealistic Room Sizes:** The master bedroom appears disproportionately small compared to the living room. Typically, in Australian homes, the master bedroom is larger to accommodate a queen-sized bed and additional furniture. This imbalance may not accurately reflect typical residential design priorities.
*   **Poor Adjacency:** The placement of the kitchen directly adjacent to the living room without a clear dining area or buffer space is unusual. In most Australian homes, there's a preference for a separate dining space or a larger living area that can accommodate dining furniture, enhancing the functionality and flow between these key living spaces.
*   **Lack of Storage:** There's no indication of closets or storage spaces within the bedrooms. Australian homes often include built-in wardrobes for ample storage, suggesting an oversight in the design.
*   **Insufficient Outdoor Space:** The absence of any outdoor living areas, such as a balcony, patio, or courtyard, is notable. Australian culture frequently incorporates outdoor living into home designs, especially for medium-sized houses, to maximize lifestyle and entertainment options.

**Strengths:**

*   **Simple Layout:** The straightforward layout of the house could be seen as a strength, offering ease of navigation and simplicity in design.
*   **Potential for Customization:** The basic structure provides a canvas for potential homeowners to customize according to their preferences, which can be appealing for those looking to personalize their living space.

In conclusion, while the floorplan has some redeeming qualities, its realism and functionality are compromised by unrealistic room sizes, poor adjacency planning, lack of storage, and insufficient outdoor space. Addressing these issues could significantly enhance the design's practicality and appeal to potential residents.","Based on the floor plan, it appears that the unlabeled room is located near the kitchen and has a door that leads to the living room. This suggests that the room is likely to be a bathroom, as it is common for bathrooms to be located near kitchens and living areas.

Here is the analysis in JSON format:

```json
{
    ""preferred_hypothesis"": ""A"",
    ""reasoning"": ""The room's proximity to the kitchen and living room suggests that it is a bathroom."",
    ""counterfactual_analysis"": ""If the room were a kitchen, it would likely be located in a different area of the house, such as near the dining room or family room. Additionally, there would likely be more doors leading out of the room to accommodate access to the kitchen from other parts of the house.""
}
```

In summary, based on the floor plan, it is more likely that the unlabeled room is a bathroom rather than a kitchen."
988053b7-6ec4-4653-ba2d-ab5aedc98357,adversarial,size_mismatch,bathroom,sketchy_medium,closet,"**Solution Approach:**

To solve this problem, we will analyze the floor plan and use our knowledge of architectural styles and room layouts to make an educated prediction about the mystery room. We will consider factors such as the room's size and proportions, its location in the floor plan, which rooms it connects to, and the overall layout and architectural style.

**Step-by-Step Solution:**

1. **Identify the Mystery Room:** The mystery room is located between the living room and the kitchen. It appears to be a small, rectangular room with a single door leading into it.
2. **Analyze the Room's Size and Proportions:** The mystery room is relatively small compared to the other rooms in the house. Its dimensions are approximately 2 meters by 1.5 meters, making it a compact space.
3. **Consider the Room's Location:** The mystery room is situated in a high-traffic area, adjacent to the living room and kitchen. This suggests that it may serve a functional purpose, such as a storage closet or a utility room.
4. **Examine the Room's Connections:** The mystery room has a single door that leads into it from the living room. There are no windows or other doors, indicating that it is a self-contained space.
5. **Assess the Overall Layout and Architectural Style:** The floor plan appears to be a typical Australian house design, with a focus on functionality and practicality. The use of rectangular shapes and straight lines is consistent with this style.

**Prediction and Reasoning:**

Based on our analysis, we predict that the mystery room is likely a **storage closet** or a **utility room**. Our reasoning is as follows:

* The room's small size and compact dimensions suggest that it is not intended for living or sleeping purposes.
* Its location in a high-traffic area and its connection to the living room and kitchen imply that it serves a functional purpose.
* The lack of windows and natural light further supports the idea that it is a utility room or storage closet.
* The overall layout and architectural style of the house are consistent with a practical and functional design, which aligns with our prediction.

**JSON Format Answer:**

{
  ""room_type"": ""storage closet"",
  ""reasoning"": ""The mystery room's small size, compact dimensions, and location in a high-traffic area suggest that it is a storage closet or utility room. The lack of windows and natural light further supports this",dining_room,"Based on its size, adjacencies, and position in the layout, the unlabeled room is most logically a dining room.","**Realism Score: 6**

**Critique:**

The floorplan appears to be a medium-sized Australian house with a relatively simple layout. However, there are some elements that stand out as unusual or unrealistic.

**Flaws:**

* The master bedroom is located at the front of the house, which is not typical in Australian homes where the master bedroom is usually located at the rear of the house for privacy and noise reduction.
* The living room is small compared to the rest of the house, which may not provide enough space for a family to relax and entertain.
* The kitchen is also small and lacks a dining area, which is unusual in Australian homes where meals are often eaten in a separate dining room or area.
* There is no laundry room or utility closet, which is a common feature in most Australian homes.
* The bedrooms are all located on one side of the house, which may create a sense of isolation from the rest of the house.

**Strengths:**

* The floorplan is relatively simple and easy to navigate.
* The use of a central hallway to connect the different rooms is a common feature in Australian homes.
* The inclusion of a separate bedroom for guests or children is a practical feature.

**Conclusion:**

Overall, while the floorplan has some strengths, it also has several flaws that detract from its realism. The unusual location of the master bedroom, small living room and kitchen, and lack of laundry room or utility closet are all features that are not typical in Australian homes. With some revisions to address these issues, the floorplan could be more realistic and functional for a human resident.","**Analysis of the Unlabeled Room in the Floorplan**

Based on the provided floorplan, we can analyze the two hypotheses regarding the unlabeled room: Hypothesis A (the room is a bathroom) and Hypothesis B (the room is a kitchen). 

**Step 1: Which Hypothesis Fits the Layout Better?**

To determine which hypothesis fits the layout better, we need to consider the typical characteristics of bathrooms and kitchens in floorplans. Bathrooms are usually smaller and often located near bedrooms or in a central area for convenience. Kitchens, on the other hand, are typically larger and positioned near dining areas or living rooms to facilitate meal preparation and serving.

Given these general guidelines, let's examine the floorplan:

- The unlabeled room is positioned between what appears to be a master bedroom and a living room.
- There is already a labeled kitchen in the floorplan, which is situated adjacent to the living room.

Considering these points, Hypothesis A (the room is a bathroom) seems more plausible because it aligns with the common practice of placing bathrooms near bedrooms for privacy and convenience.

**Step 2: Evidence Supporting Hypothesis A**

Evidence supporting Hypothesis A includes:

- **Proximity to Bedrooms:** The room's location between the master bedroom and the living room suggests it could serve as a bathroom, providing easy access from the bedroom while also being somewhat private from the main living area.
- **Size:** Although the exact dimensions are not provided, the room appears to be of a size that could accommodate typical bathroom fixtures such as a toilet, sink, and possibly a shower or bathtub.

**Step 3: Evidence Supporting Hypothesis B**

Evidence supporting Hypothesis B is less compelling but could include:

- **Central Location:** Being centrally located, it could potentially serve as a kitchen, especially if the living room is intended for dining as well.
- **Size:** Similar to the argument for it being a bathroom, its size could also accommodate kitchen fixtures like counters, sinks, and possibly a stove or refrigerator.

However, the presence of an already labeled kitchen nearby makes this hypothesis less likely.

**Step 4: What Would Need to Change for the Other Hypothesis to Be Valid?**

For Hypothesis B (the room is a kitchen) to be valid, several changes would be necessary:

- **Relocation or Removal of the Labeled Kitchen:** The existing kitchen would need to be relocated or removed"
988053b7-6ec4-4653-ba2d-ab5aedc98357,adversarial,size_mismatch,bathroom,sketchy_extreme,dining_room,"The room's size and proportions suggest that it is a dining room, as it is large enough to accommodate a dining table and chairs. Its location near the kitchen also suggests that it is a dining room, as this is a common layout in many houses. Additionally, the door that connects to the kitchen provides easy access for serving food and drinks.",study/office_or_guest_room,"Given its size, adjacencies, and privacy, it likely serves a personal or family function beyond sleeping quarters.","**Answer:** 

**Realism Score:** 4

**Critique:**

This floorplan has some unrealistic elements and functional issues. The master bedroom is too small, especially considering it's supposed to be for a medium-sized Australian house. Typically, master bedrooms in such houses are larger to accommodate a king-size bed and possibly an en-suite bathroom. The current size seems more suitable for a guest room or a child's bedroom.

The living room also appears too small for a medium-sized house. In Australian homes, living rooms often serve as the central gathering space, so they tend to be more spacious to accommodate furniture and allow for comfortable movement.

Furthermore, the kitchen seems oversized in comparison to the other rooms. While a large kitchen can be desirable, its size here feels disproportionate to the rest of the house. A more balanced approach would make the kitchen functional without overwhelming the space.

On the positive side, the layout does attempt to create a flow between the living areas, which is important for functionality. However, without considering the actual dimensions and intended use of each space, the design falls short in realism and practicality.

**Flaws:**

- Unrealistic room sizes (master bedroom and living room too small, kitchen too large).
- Poor space allocation considering the intended use of each room.

**Strengths:**

- Attempts to create a flow between living areas.
- Basic structure of the house follows a somewhat traditional layout, which could be beneficial for resale value and ease of navigation.","**Analysis of the Unlabeled Room in the Floorplan**

**Preferred Hypothesis:** B (The room is a kitchen)

**Reasoning:**

*   The unlabeled room is located adjacent to the living room, which is a common layout for kitchens in many homes.
*   The room's size and shape suggest that it could accommodate typical kitchen fixtures such as counters, sinks, and appliances.
*   There is no other obvious location for a kitchen in the floorplan, making this room the most likely candidate.

**Counterfactual Analysis:**

*   If the unlabeled room were to be a bathroom (Hypothesis A), it would likely need to be smaller and located closer to the bedrooms to accommodate plumbing and privacy concerns.
*   The current location and size of the room make it less suitable for a bathroom, as it would require significant plumbing infrastructure and potentially disrupt the flow of the living area.

**Conclusion:**

Based on the analysis, Hypothesis B (the room is a kitchen) fits the layout better due to its location, size, and shape. While it is possible to imagine alternative layouts that could accommodate a bathroom in this location, the current design suggests that a kitchen is the more likely intended use for this room."
5b0db6ff-b38c-406e-bb70-17a043ed8830,adversarial,shape_confusion,living_room,normal,closet,"The mystery room is small and narrow, which suggests it's not a living space. Its location next to the kitchen implies it might be used for storage, and its size is consistent with a closet or pantry. The overall layout and architectural style of the floor plan also suggest a functional, space-efficient design, which further supports the idea that the mystery room is a closet or storage space.",pantry_or_storage_area,"Position, size, and adjacency suggest a functional relationship with the kitchen.","**Realism Score:** 4

**Critique:**

The provided floor plan appears to be a simplified representation of a micro Chinese city apartment. However, upon closer inspection, several elements raise concerns regarding realism and functionality.

*   **Odd or Unrealistic Elements:**
    *   The kitchen is depicted as a single, small rectangle without any indication of cooking facilities, storage, or a dining area. This oversimplification does not reflect the typical layout of even the smallest kitchens in Chinese city apartments, which usually include basic amenities such as a stove, sink, and some form of refrigeration.
    *   The absence of any bathroom facilities is glaring. Given the constraints of space in micro apartments, it's unrealistic to assume that bathroom functions (e.g., toilet, shower) are entirely omitted. Even in the most compact living spaces, provisions for these necessities are usually integrated, albeit in a minimalist manner.
    *   The ""living area"" is merely a large, undefined space. In reality, this space would likely be divided into zones for sleeping, sitting, and possibly working, considering the multi-functional nature of micro apartments.

**Flow and Functionality:**

*   The flow from one ""room"" to another lacks clear definition. Without distinct areas for different activities, the functionality of the space is compromised. Residents would struggle to maintain privacy, especially in areas designated for sleeping or personal hygiene.
*   The lack of storage facilities throughout the apartment is a significant oversight. Realistically, residents would require places to store clothing, food, and personal items, which are not accounted for in this design.

**Realism Score Breakdown:**

*   **Accuracy of Layout:** 2 (due to oversimplification and omission of essential facilities)
*   **Functionality:** 3 (considering the lack of defined areas for different activities and the absence of storage)
*   **Realism of Size and Scale:** 5 (assuming the intention was to represent a very small living space, though specifics on size are not provided)

**Flaws:**

*   Oversimplified kitchen without basic amenities
*   Absence of bathroom facilities
*   Lack of defined areas for different activities
*   No provisions for storage

**Strengths:**

*   Attempt to represent a compact living space
*   Simplified design for easy comprehension

**Conclusion:**

While the intent behind this floor plan may have been to showcase a minimalist approach to micro apartment living, it falls","**Analysis of the Mystery Room**

To determine which hypothesis fits the layout better, we need to analyze the given floor plan and the characteristics typically associated with living rooms and kitchens.

**Given Floor Plan:**

The floor plan shows a rectangular space divided into two sections by a wall. One section is labeled as the ""Kitchen,"" and the other section remains unlabeled.

**Hypothesis A (Living Room):**

*   Living rooms are often located near the entrance of a house.
*   They tend to be larger than kitchens to accommodate furniture and guests.
*   Living rooms frequently have windows for natural light and ventilation.

**Hypothesis B (Kitchen):**

*   Kitchens are typically positioned near the back of the house, away from the entrance.
*   They are generally smaller than living rooms due to the focused nature of their use.
*   Kitchens usually have specific fixtures like sinks, stoves, and refrigerators.

**Comparison and Evidence:**

1.  **Which One Fits the Layout Better?**

    Based on the layout, Hypothesis A (Living Room) fits better because the unlabeled room is larger and positioned in a way that suggests it could be near the entrance, aligning with common living room placements.
2.  **What Evidence Supports A?**

    The size of the unlabeled room and its position relative to the kitchen support the idea that it could be a living room. Typically, living rooms are larger to accommodate furniture and are often placed near the entrance of the home.
3.  **What Evidence Supports B?**

    There is no direct evidence in the layout to support the unlabeled room being a kitchen, especially considering its size and the presence of a labeled kitchen.
4.  **What Would Need to Change in the Layout to Make the Other Hypothesis Valid?**

    For Hypothesis B (Kitchen) to be valid, the unlabeled room would need to be significantly smaller, and it would ideally be positioned closer to the back of the house. Additionally, the presence of specific kitchen fixtures would need to be indicated.

**Conclusion:**

Based on the analysis, Hypothesis A (Living Room) is more likely due to the size and positioning of the unlabeled room. For Hypothesis B (Kitchen) to be considered, substantial changes to the room's size and the layout's overall configuration would be necessary.

**JSON Format Analysis:**

```json
{
    ""preferred_hypothesis"
5b0db6ff-b38c-406e-bb70-17a043ed8830,adversarial,shape_confusion,living_room,sketchy_medium,bathroom,"The mystery room is likely a bathroom due to its small size and proximity to the kitchen, which is a common layout in Chinese city apartments. Its location near the kitchen suggests it may be used for washing hands or other hygiene purposes. The room's compact size also supports this conclusion, as bathrooms are typically smaller than other rooms in a home.",storage,"The floor plan shows a micro apartment in a Chinese city style, with one unlabeled room. 

**Step 1 Identification**: The unlabeled room is located next to the kitchen and bathroom.

**Step 2 Size Analysis**: The unlabeled room appears to be roughly the same size as the kitchen, which is approximately 10 feet by 8 feet.

**Step 3 Adjacency Analysis**: The unlabeled room connects directly to the kitchen and bathroom, suggesting it may serve a functional purpose related to these spaces.

**Step 4 Layout Analysis**: Given its position between the kitchen and bathroom, the unlabeled room could logically be used for storage or as a utility area, supporting the daily needs of the kitchen and bathroom.

**Room Type Prediction**: Based on the size, adjacencies, and layout, the unlabeled room is most likely a **utility/storage room**. This conclusion is supported by its proximity to the kitchen and bathroom, areas where additional storage for cleaning supplies, linens, or kitchen utensils would be beneficial in a micro apartment setting. The room's size also aligns with typical utility or storage spaces found in compact living arrangements. 

**Reasoning Summary**: The combination of the room's size, its direct connections to the kitchen and bathroom, and its strategic placement within the apartment's layout strongly suggest its use as a utility or storage area, enhancing the functionality and livability of the micro apartment.","**Answer:** 

*   **Realism Score:** 2
*   **Critique:** The floor plan appears to be a simple rectangle with a single room labeled ""Kitchen"" in the center. There are no other rooms, doors, or windows depicted. This layout is highly unrealistic for a Chinese city apartment, even a micro one, as it lacks basic functional spaces such as a bedroom, bathroom, and living area. The absence of doors and windows further diminishes its practicality.
*   **Flaws:**
    *   Lack of essential rooms (bedroom, bathroom, living area)
    *   No doors or windows
    *   Unrealistic for a Chinese city apartment, regardless of size
*   **Strengths:** None apparent from the provided layout.

**Explanation:**

The realism score of 2 reflects the significant shortcomings in the design's functionality and adherence to typical apartment layouts. The critique highlights the absence of fundamental spaces and architectural features, making the design impractical for real-world use. The flaws listed detail these specific issues, while acknowledging that there are no discernible strengths in the provided layout.","**Answer:** { ""preferred_hypothesis"": ""B"", ""reasoning"": ""The room's layout, with its large open space and proximity to the kitchen, suggests it is designed for food preparation and cooking. The presence of a kitchen nearby further supports this conclusion."", ""counterfactual_analysis"": ""To make hypothesis A valid, the room would need to be reconfigured with furniture and amenities typical of a living room, such as a couch, TV, and coffee table."" }"
5b0db6ff-b38c-406e-bb70-17a043ed8830,adversarial,shape_confusion,living_room,sketchy_extreme,bathroom,"The mystery room is likely a bathroom due to its small size and proximity to the kitchen. Its location near the kitchen suggests it may be a utility room or a bathroom, but its size is more consistent with a bathroom. Additionally, the floor plan's compact layout and Chinese city apartment style often feature bathrooms near the kitchen for convenience.",storage,"Based on the provided floorplan, we can identify the unlabeled ""mystery room"" as follows:

**Step 1: Identification**
The unlabeled room is located at the top left corner of the floorplan.

**Step 2: Size Analysis**
The size of the unlabeled room appears to be approximately 1/3 to 1/2 the size of the adjacent kitchen.

**Step 3: Adjacency Analysis**
The unlabeled room is connected to the kitchen and the entryway/foyer.

**Step 4: Layout Analysis**
Considering its position in the overall layout and flow, the unlabeled room seems to be situated near the entrance of the apartment, which is typical for a utility or storage space.

**Final Prediction**
Given its size, location, and adjacencies, I predict that the unlabeled room is likely a **utility room** or **laundry room**. This conclusion is based on the fact that such rooms are often smaller, located near the entrance or kitchen, and serve a functional purpose within the apartment.

**Reasoning Summary**
The combination of the room's size, its connection to the kitchen and entryway, and its position in the apartment layout suggests that it is designed for utility or laundry purposes, making it a logical choice for a micro apartment where space efficiency is crucial.","**Answer:**

**Realism Score:** 4

**Critique:**

The provided floor plan appears to be a micro Chinese city apartment, which is known for its compact size and efficient use of space. However, upon closer inspection, there are several elements that raise concerns regarding realism and functionality.

**Flaws:**

*   **Odd Room Sizes:** The kitchen seems disproportionately large compared to the rest of the apartment. In a micro apartment, every inch counts, and allocating such a significant portion of the space to the kitchen might not be practical for a resident who needs to optimize living and storage areas.
*   **Bad Adjacencies:** The placement of the kitchen directly adjacent to what appears to be the bedroom or living area could lead to noise and cooking smell disturbances. Typically, in small apartments, designers aim to separate these functions for comfort and practicality.
*   **Lack of Storage:** There's no visible storage space indicated in the plan. Given the compact nature of the apartment, storage solutions are crucial for maintaining a clutter-free and organized living environment.
*   **Insufficient Bathroom Details:** The bathroom is not fully detailed, making it difficult to assess its functionality. A realistic micro apartment design would need to carefully consider bathroom layout to ensure it's both functional and comfortable.

**Strengths:**

*   **Compact Design:** The overall compactness of the design aligns well with the concept of a micro apartment, showcasing an attempt to efficiently use space.
*   **Simple Layout:** The simplicity of the layout could contribute to a sense of openness and ease of navigation within the limited space.

**Conclusion:**

While the design shows some awareness of the challenges in designing micro apartments, such as compactness and simplicity, it falls short in addressing critical aspects like realistic room proportions, functional adjacencies, and essential amenities like storage and detailed bathroom design. Addressing these flaws would significantly enhance the realism and livability of the space.","**Answer:** 

{ ""preferred_hypothesis"": ""B"", ""reasoning"": ""The room is adjacent to the kitchen and has a similar size and shape, suggesting it may be a dining room or another food preparation area. The lack of windows or doors on three sides also suggests it may be an interior room, which is consistent with a kitchen or dining room."", ""counterfactual_analysis"": ""To make hypothesis A (living room) valid, the room would need to be larger and have more windows or doors on multiple sides to provide natural light and ventilation. Additionally, the room would need to be located in a more central location in the house, rather than being tucked away in a corner."" }"
4cf78bdf-674a-490b-abf1-415f74dcf0b8,adversarial,window_deception,living_room,normal,bathroom,"The room's small size, location near the bedroom, and typical European old town home layout suggest it is a bathroom.",dining_area,"Based on size, adjacency, and overall layout, the unlabeled room logically functions as a dining area.","**Answer:**

**Realism Score:** 4

**Critique:**

The provided floor plan for a micro European old town-style residence exhibits several unrealistic elements and functionality issues. 

Firstly, the kitchen and bedroom are adjacent without any separation or buffer zone, which is uncommon in residential layouts due to privacy and noise considerations. Typically, living areas or hallways act as buffers between sleeping and cooking spaces.

Secondly, the lack of a bathroom or any indication of plumbing facilities is a significant omission for a habitable space. Every residential unit, regardless of size, must include basic sanitary facilities.

Thirdly, there's no clear entrance or exit strategy depicted, which is crucial for both functionality and safety. A well-designed residence should have a logical entry point that leads to the main living areas.

Lastly, the overall layout lacks flexibility and adaptability, essential qualities for a micro living space where functionality needs to be maximized. The design does not seem to incorporate multi-functional spaces or storage solutions, which are key considerations in small residences.

**Flaws:**

- Adjacency of kitchen and bedroom without separation.
- Absence of bathroom facilities.
- Lack of a clear entrance/exit strategy.
- Limited flexibility and adaptability in the layout.

**Strengths:**

- The simplicity of the layout could be seen as a positive for a micro living space, emphasizing the need for minimalism in small residences.

**Conclusion:**

While the simplicity of the design might be appealing for a micro living space, the omission of essential facilities and the lack of consideration for privacy, functionality, and safety significantly detract from its realism and usability. Addressing these issues would be crucial to creating a viable and comfortable living environment.","**Analysis of the Mystery Room**

Based on the provided floor plan, we can analyze the two hypotheses regarding the unlabeled mystery room.

**Hypothesis A: The Room is a Living Room**

*   **Layout Fit:** The room's location next to the bedroom and kitchen suggests it could be a living room, as living rooms are often central to a home's layout, serving as a common area between private spaces like bedrooms and functional spaces like kitchens.
*   **Evidence Supporting A:** 
    *   Proximity to the bedroom and kitchen aligns with typical living room placements in residential layouts.
    *   The absence of any clear indication of plumbing or cooking facilities within the room further supports the notion that it is not a kitchen.
*   **Counterfactual Analysis for Making B Valid:** To make Hypothesis B (the room is a kitchen) valid, significant changes would be necessary, including:
    *   Relocation of the kitchen to the mystery room's space, which would require a substantial reconfiguration of plumbing and electrical services.
    *   Addition of kitchen-specific features such as a sink, stove, and refrigerator, which are not indicated in the current layout.

**Hypothesis B: The Room is a Kitchen**

*   **Layout Fit:** Given the existing kitchen's location, it seems less likely that the mystery room would also serve as a kitchen, as having two kitchens in such close proximity is unusual in residential design.
*   **Evidence Supporting B:** There is no direct evidence from the layout to support this hypothesis, making it less plausible than Hypothesis A.
*   **Counterfactual Analysis for Making A Valid:** Since Hypothesis A is already considered a better fit based on the layout, the focus is on what would need to change to make Hypothesis B valid, as discussed above.

**Conclusion**

Given the analysis, **Hypothesis A (the room is a living room)** fits the layout better. The evidence supporting this includes the room's strategic placement between the bedroom and kitchen, typical in residential designs. To make Hypothesis B valid, significant alterations to the layout and the inclusion of kitchen facilities would be required.

**JSON Format Summary**

```json
{
  ""preferred_hypothesis"": ""A"",
  ""reasoning"": ""Hypothesis A fits the layout better due to the room's placement between the bedroom and kitchen, aligning with typical residential designs."",
  ""counterfactual_analysis"":"
4cf78bdf-674a-490b-abf1-415f74dcf0b8,adversarial,window_deception,living_room,sketchy_medium,bathroom,"The mystery room is small and rectangular, which is consistent with the typical size and shape of a bathroom. It is located between the bedroom and kitchen, which is a common location for a bathroom in European old town homes. Additionally, the room's size and location suggest that it may be connected to the bedroom via a door, which is also consistent with typical bathroom layout.",living_room_or_family_room,"Based on size, location, and connections, the unlabeled room is likely a living room or family room.","**Answer:**

*   **Realism Score:** 4
*   **Critique:** The floor plan appears to be a micro European old town style design. However, there are several unrealistic elements and functionality issues that need to be addressed.

    *   The bedroom is too small for a comfortable living space, with no room for a bed or any other furniture.
    *   The kitchen is also very small, with limited counter space and no room for a dining table.
    *   There is no bathroom shown on the floor plan, which is a necessary feature for any living space.
    *   The layout does not make sense for a human resident, as there is no clear flow or separation between different areas of the home.
*   **Flaws:**

    *   Unrealistic room sizes
    *   Poor adjacencies
    *   Lack of bathroom
    *   Inadequate kitchen space
*   **Strengths:**

    *   Simple and compact design
    *   Potential for creative use of space

Overall, while the floor plan has some potential, it needs significant revisions to be realistic and functional for a human resident.","**Analysis of the Unlabeled Room in the Floorplan**

To determine whether the unlabeled room is a living room or a kitchen, we need to analyze the layout and consider the typical characteristics of each type of room.

**Layout Analysis**

The floorplan shows a rectangular room with a door on one side and a window on the opposite side. The room is adjacent to a bedroom and a kitchen.

**Typical Characteristics of Living Rooms and Kitchens**

Living rooms are typically larger than kitchens and have more windows. They often have a fireplace or a TV stand, and may have a seating area or a dining table. Kitchens, on the other hand, are typically smaller than living rooms and have fewer windows. They usually have a sink, stove, refrigerator, and cabinets.

**Comparison of Hypotheses**

Based on the layout and typical characteristics of living rooms and kitchens, we can compare the two hypotheses:

*   **Hypothesis A: The room is a living room.**
    *   The room is larger than the kitchen, which is consistent with the typical size of living rooms.
    *   The room has a window on the opposite side of the door, which is consistent with the typical layout of living rooms.
    *   However, the room does not have a fireplace or a TV stand, which are common features of living rooms.
*   **Hypothesis B: The room is a kitchen.**
    *   The room is smaller than the living room, which is consistent with the typical size of kitchens.
    *   The room has a door on one side and a window on the opposite side, which is consistent with the typical layout of kitchens.
    *   However, the room does not have a sink, stove, refrigerator, or cabinets, which are essential features of kitchens.

**Conclusion**

Based on the layout and typical characteristics of living rooms and kitchens, Hypothesis A (the room is a living room) fits the layout better. The room's size and window placement are more consistent with the typical layout of living rooms. However, the lack of a fireplace or TV stand in the room makes it less likely to be a living room.

To make Hypothesis B (the room is a kitchen) valid, the following changes would need to be made to the layout:

*   Add a sink, stove, refrigerator, and cabinets to the room.
*   Reduce the size of the room to make it more consistent with the typical"
4cf78bdf-674a-490b-abf1-415f74dcf0b8,adversarial,window_deception,living_room,sketchy_extreme,bathroom,"The mystery room is small and compact, located near the bedroom and kitchen, which is a common layout for bathrooms in European old town-style homes. The room's size and proportions suggest it is not a living or bedroom, and its proximity to the kitchen and bedroom implies it serves a functional purpose, such as a bathroom.",bathroom,"Logical placement for a bathroom considering its size, shape, and adjacency to the bedroom and kitchen.","**Realism Score: 3**

**Critique:**

The provided floor plan exhibits several unrealistic elements and functional issues, particularly considering the European old town style and micro size. 

*   The kitchen is disproportionately large compared to the bedroom, which is unusually small. This imbalance does not align with typical European old town micro apartments where space efficiency is paramount.
*   The flow between rooms lacks logic. The entrance to the bedroom is directly opposite the kitchen, creating an impractical pathway that disrupts the kitchen's functionality and privacy of the bedroom.
*   There's no clear indication of a bathroom or storage spaces, which are essential components of any living space, especially in compact designs.

**Flaws:**

*   Disproportionate room sizes
*   Poor adjacency between rooms
*   Lack of essential facilities (bathroom, storage)

**Strengths:**

*   Simple layout that could be improved with adjustments to room sizes and placements
*   Potential for creative use of vertical space (not indicated in the plan) to enhance functionality

To enhance realism and functionality, it's crucial to rebalance the room sizes, ensure logical flow between spaces, and incorporate missing essential facilities.","Based on the floor plan, it appears that the unlabeled room is likely a living room. Here's why:

*   The room is located adjacent to the bedroom and kitchen, which is a common layout for a living room.
*   The room is relatively large compared to the other rooms in the house, which suggests that it may be used for entertaining or relaxation.
*   There are no obvious signs of a kitchen or dining area in the room, such as a sink or stove, which further supports the idea that it is a living room.

In terms of evidence, the following points support Hypothesis A (the room is a living room):

*   The room's size and location suggest that it may be used for entertaining or relaxation.
*   The lack of obvious kitchen or dining features in the room supports the idea that it is not a kitchen or dining area.

On the other hand, the following points support Hypothesis B (the room is a kitchen):

*   The room is located near the bedroom and kitchen, which could suggest that it is part of the kitchen or dining area.
*   The room's size could accommodate a small kitchen or dining area.

To make Hypothesis B valid, the following changes would need to be made to the layout:

*   Add a sink and stove to the room to indicate that it is a kitchen.
*   Consider adding a dining table and chairs to the room to make it a more functional kitchen and dining area.
*   Alternatively, the room could be used as a dining room, with a large table and chairs, and no kitchen appliances.

In conclusion, based on the floor plan, it appears that the unlabeled room is most likely a living room. However, with some modifications to the layout, it could also be used as a kitchen or dining area.

**Answer:** 

```
{
    ""preferred_hypothesis"": ""A"",
    ""reasoning"": ""The room's size and location suggest that it may be used for entertaining or relaxation, and the lack of obvious kitchen or dining features supports the idea that it is not a kitchen or dining area."",
    ""counterfactual_analysis"": ""To make Hypothesis B valid, the room would need to be modified to include a sink and stove, and possibly a dining table and chairs. Alternatively, the room could be used as a dining room, with a large table and chairs, and no kitchen appliances.""
}
```"
f4f5c3c6-56f4-44b7-aeb2-783967bf1398,adversarial,adjacency_violation,master_bedroom,normal,bedroom,"The room's size and proportions, its location in the floor plan, and the overall architectural style suggest it is likely a bedroom.",living_room_or_family_room,"size, location, and adjacencies suggest a hub or transition space","**Realism Score:** 4

**Critique:**

The provided floor plan lacks realism and functionality for a Japanese apartment, particularly considering its small size. The design fails to incorporate essential elements typical of Japanese homes, such as a genkan (entryway), tatami rooms, or sliding doors (fusuma). Instead, it features a large garage, which is unusual in densely populated urban areas where parking is often limited or not feasible within residential buildings. This garage space could be better utilized as additional living quarters or storage, enhancing the overall livability and functionality of the apartment.

**Flaws:**

*   Unusual garage space in a small Japanese apartment
*   Lack of traditional Japanese architectural elements (genkan, tatami rooms, fusuma)
*   Inefficient use of space for a small apartment

**Strengths:**

*   Simple layout that could be easily navigated
*   Potential for customization to fit specific needs if the garage were repurposed","**Answer:** 

{ 
  ""preferred_hypothesis"": ""A"", 
  ""reasoning"": ""The room is located next to the bathroom and is separated from the garage by a wall. This layout is more typical of a master bedroom, which often has an en-suite bathroom and is located in a private area of the house."", 
  ""counterfactual_analysis"": ""To make hypothesis B valid, the room would need to be located near the kitchen area, which is typically near the garage or in a central location in the house. Additionally, the room would need to have a doorway or opening leading directly to the garage, which is not shown in the current layout."" 
}

**Explanation:**

*   The room is located next to the bathroom and is separated from the garage by a wall. This layout is more typical of a master bedroom, which often has an en-suite bathroom and is located in a private area of the house.
*   The room does not appear to be connected to the garage or any other living areas, which makes it less likely to be a kitchen.
*   To make hypothesis B valid, the room would need to be located near the kitchen area, which is typically near the garage or in a central location in the house. Additionally, the room would need to have a doorway or opening leading directly to the garage, which is not shown in the current layout."
f4f5c3c6-56f4-44b7-aeb2-783967bf1398,adversarial,adjacency_violation,master_bedroom,sketchy_medium,closet,"The mystery room is small and rectangular, with a door connecting to the garage. This suggests it is a closet or storage space, as it is not large enough for a bedroom or living area. The location near the garage also implies it may be used for storing items related to the garage or outdoor activities.",living_room,"Based on size, connections, and central position, the room likely serves as a living room, central to the home's functionality and flow.","**Critique of the Floorplan Design**

**Realism Score: 4**

**Critique:**

The floorplan design has several issues that affect its realism and functionality. The most notable problem is the extremely small bathroom, which is only 2 feet wide. This is unrealistic and impractical for a human resident, as it would be difficult to move around in such a small space. Additionally, the bathroom is located at the end of a long hallway, which may make it inconvenient to access.

Another issue with the design is the lack of a clear entrance or foyer area. The front door opens directly into the living room, which may make it difficult to separate the public and private spaces of the apartment. Furthermore, the living room is quite small, which may limit its functionality as a social space.

On the positive side, the design does include a separate bedroom and a small kitchen area, which are both important features for a functional apartment. However, the overall layout could be improved to create a more practical and comfortable living space.

**Flaws:**

* Extremely small bathroom (only 2 feet wide)
* Bathroom located at the end of a long hallway
* Lack of a clear entrance or foyer area
* Small living room

**Strengths:**

* Separate bedroom
* Small kitchen area

Overall, while the design has some positive features, it has several significant flaws that affect its realism and functionality. With some revisions to address these issues, the design could be improved to create a more practical and comfortable living space.","**Answer:**

**Analysis in JSON format:**

{
  ""preferred_hypothesis"": ""A"",
  ""reasoning"": ""Hypothesis A fits the layout better because the mystery room is adjacent to a bathroom, which is a common feature of master bedrooms. Additionally, the room's location near the garage suggests it might be part of a private suite."",
  ""counterfactual_analysis"": ""To make Hypothesis B (the room is a kitchen) valid, the layout would need significant changes. The kitchen would typically require access to a dining area or living space, and its proximity to the garage is unusual. Furthermore, kitchens are often located near other living areas for practicality and flow, which isn't the case here.""
}

**Explanation:**

- **Hypothesis A (Master Bedroom) Fits Better:** The mystery room's adjacency to a bathroom and its location near the garage suggest it could be part of a private master suite. This arrangement is common in residential designs where the master bedroom has an en-suite bathroom and is sometimes located in a quieter part of the house or with easy access from the garage for privacy and convenience.

- **Evidence Supporting A:** The presence of a bathroom next to the mystery room and its somewhat isolated location (yet still accessible from the garage) are strong indicators that this could be a master bedroom suite. Such suites often include an en-suite bathroom and are designed to provide privacy and comfort.

- **Evidence Supporting B (Kitchen):** There isn't strong evidence within the provided layout to support the idea that the mystery room is a kitchen. Kitchens are typically placed near dining areas or living spaces for practical reasons and to facilitate social interaction during meal preparation and consumption. The mystery room's isolation from other living spaces and its proximity to the garage do not align well with typical kitchen placement strategies.

- **Changes Needed for B to be Valid:** For the mystery room to plausibly be a kitchen, significant changes to the layout would be necessary. These could include relocating the room to be closer to living or dining areas, ensuring there's a direct path from the garage to the kitchen that makes sense for daily use (e.g., unloading groceries), and possibly adding additional rooms or spaces to improve the flow and functionality of the home's layout."
f4f5c3c6-56f4-44b7-aeb2-783967bf1398,adversarial,adjacency_violation,master_bedroom,sketchy_extreme,closet,"The room's small size, rectangular shape, and proximity to the bathroom and garage suggest it is a closet.",genkan,"Its size, location, and adjacencies suggest it serves as a transitional space, which is consistent with the function of a genkan in Japanese architecture.","**Realism Score:** 4

**Critique:**

The provided floorplan design for a Japanese apartment, despite its attempt to incorporate traditional elements, falls short in several key areas that impact its realism and functionality.

**Flaws:**

*   **Insufficient Room Sizes:** The rooms appear too small to accommodate standard furniture or to serve their intended purposes effectively. For example, the bathroom seems cramped, which could lead to difficulties in installing a full-sized bathtub or shower, let alone a separate toilet area, which is common in many Japanese homes.
*   **Poor Adjacencies:** The adjacency of the bathroom directly to the garage is highly unconventional and impractical. Typically, garages are separated from living spaces by a buffer zone or utility area to prevent moisture and odors from entering the home. This layout may cause discomfort and hygiene issues for residents.
*   **Lack of Storage:** There is no visible storage space in the floorplan, which is unrealistic given the need for storage in any residential unit. Japanese apartments often utilize clever storage solutions due to space constraints, but this design overlooks such necessities.
*   **Inefficient Use of Space:** The layout does not maximize the use of available space. There are no indications of built-in shelves, closets, or other space-saving features that are characteristic of Japanese interior design.

**Strengths:**

*   **Attempt at Minimalism:** The simplicity of the design aligns with the minimalist aesthetic often found in Japanese architecture. However, minimalism should not come at the expense of functionality and comfort.
*   **Openness:** The open-plan living area could facilitate a sense of spaciousness and community within the home, which is desirable in small living spaces.

**Recommendations:**

*   Increase room sizes to accommodate standard furniture and ensure comfort.
*   Rearrange the layout to place the bathroom closer to living areas and separate it from the garage with a utility room or buffer zone.
*   Incorporate storage solutions throughout the apartment.
*   Optimize the use of space by including built-in features and multi-functional furniture.

By addressing these issues, the design can better reflect the realities of living in a small Japanese apartment while maintaining the essence of Japanese design principles.","**Answer:** { ""preferred_hypothesis"": ""A"", ""reasoning"": ""The room is located near the bathroom and has a larger area, which is consistent with a master bedroom. The kitchen is typically located near the entrance of the house or in a central location, which is not the case here."", ""counterfactual_analysis"": ""To make hypothesis B valid, the room would need to be relocated to a more central location in the house, and the layout would need to be adjusted to accommodate a kitchen. Additionally, the room would need to be smaller in size to fit the typical dimensions of a kitchen."" }

**Explanation:**

*   The room is located near the bathroom, which is consistent with a master bedroom.
*   The room has a larger area, which is also consistent with a master bedroom.
*   The kitchen is typically located near the entrance of the house or in a central location, which is not the case here.
*   To make hypothesis B valid, the room would need to be relocated to a more central location in the house, and the layout would need to be adjusted to accommodate a kitchen.
*   Additionally, the room would need to be smaller in size to fit the typical dimensions of a kitchen."
b536a8a6-89d5-4299-b1df-3baaaf4a8470,adversarial,missing_rooms,living_room,normal,storage_or_closet,"The mystery room is small and narrow, suggesting it might be used for storage or as a closet. Its location near the entrance and lack of connection to other rooms also support this hypothesis.",dining_room,Typical layout in Japanese apartments places dining areas centrally for efficiency and social interaction.,"**Critique and Realism Score: 4**

**Critique:**
This micro Japanese apartment layout presents several challenges in terms of realism and functionality. The most striking issue is the lack of a bedroom, which is a fundamental requirement for any residential space. The presence of a living room suggests that the apartment is intended for human habitation, but without a designated sleeping area, it falls short of meeting basic living standards.

Furthermore, the layout lacks any visible bathroom facilities, kitchen, or storage spaces, which are essential components of a functional home. The absence of these critical elements significantly impacts the usability and livability of the apartment.

**Flaws:**

*   Lack of a bedroom
*   Absence of bathroom facilities
*   No visible kitchen or cooking area
*   Insufficient storage spaces
*   Limited functionality due to the omission of crucial living areas

**Strengths:**

*   The layout is minimalist and could potentially be part of a larger, more comprehensive design.
*   The simplicity might appeal to those looking for a very basic living arrangement.

**Conclusion:**
Given the significant omissions in this layout, it scores a realism score of 4 out of 10. While it might serve as a starting point for a more detailed design, in its current form, it does not adequately address the needs of a human resident.","Based on the provided floorplan, we can analyze the two hypotheses:

1. **Which one fits the layout better?**

Given that the floorplan already labels one room as ""Living Room"" and considering typical household layouts, it's reasonable to infer that the unlabeled room is more likely to be a kitchen. This is because kitchens are often placed adjacent to living rooms for convenience and to facilitate social interaction during meal preparation.

2. **What evidence supports A?**

There is no explicit evidence in the floorplan to support the hypothesis that the unlabeled room is a living room, as one living room is already identified. Typically, homes do not have two living rooms adjacent to each other without other intervening rooms or spaces.

3. **What evidence supports B?**

The positioning of the unlabeled room next to the labeled ""Living Room"" provides circumstantial evidence supporting the idea that it could be a kitchen. In many residential layouts, kitchens are situated near living areas for practical reasons.

4. **What would need to change in the layout to make the OTHER hypothesis valid?**

For Hypothesis A (the unlabeled room being a living room) to be valid, significant changes would be needed:

- The existing ""Living Room"" label would need to be removed or reassigned.
- Additional rooms or hallways would typically be inserted between what would then be two living rooms to create a more conventional layout.

For Hypothesis B (the unlabeled room being a kitchen) to be even more strongly supported, minor adjustments could enhance its validity:

- Adding a dining area between the living room and the kitchen could further align with typical residential layouts where meals are prepared in the kitchen and then served in a dining area adjacent to the living space.

**Conclusion:**

Given the typical residential layout patterns and the information provided in the floorplan, Hypothesis B (the room is a kitchen) fits the layout better due to its positioning next to the living room and the commonality of kitchen locations in relation to living spaces.

**JSON Format Response:**

```
{
  ""preferred_hypothesis"": ""B"",
  ""reasoning"": ""The unlabeled room's adjacency to the living room aligns with common residential layouts where kitchens are placed near living areas for convenience and social interaction."",
  ""counterfactual_analysis"": ""For Hypothesis A to be valid, significant changes such as removing or reassigning the existing 'Living Room' label and inserting additional rooms or hall"
b536a8a6-89d5-4299-b1df-3baaaf4a8470,adversarial,missing_rooms,living_room,sketchy_medium,bathroom,"The mystery room is small and narrow, which is typical of bathrooms in Japanese apartments. It is located near the entrance and connects to the living room and kitchen, which is a common layout for bathrooms in micro-sized apartments. The room's size and location suggest that it is a bathroom.",storage,"**Step 1 Identification**

The unlabeled room is located between the living room and the kitchen.

**Step 2 Size Analysis**

The unlabeled room appears to be approximately the same size as the kitchen, which is relatively small compared to the living room.

**Step 3 Adjacency Analysis**

The unlabeled room connects to both the living room and the kitchen.

**Step 4 Layout Analysis**

Given its position between the living room and the kitchen, it's likely that the unlabeled room serves a functional purpose related to these spaces. Considering typical Japanese apartment layouts, this room could potentially be used for storage or as a utility area, given its proximity to both the living and kitchen areas.

**Conclusion**

Based on the analysis:

*   **step_1_identification**: Between the living room and the kitchen.
*   **step_2_size_analysis**: Approximately the same size as the kitchen.
*   **step_3_adjacency_analysis**: Connects to the living room and the kitchen.
*   **step_4_layout_analysis**: Strategically positioned for functionality related to the living and kitchen areas.
*   **room_type**: Utility/Storage Room.
*   **reasoning**: The room's size, adjacency to the kitchen and living room, and its position in the layout suggest it is most likely used for utility or storage purposes, which are common in micro Japanese apartments to optimize space usage.","**Answer:**

**Realism Score:** 4

**Critique:**

The floor plan design for a Japanese micro-apartment has some notable issues. The most striking feature is the extremely large living room, which occupies nearly half of the entire space. This is unusual for a micro-apartment, where space efficiency is paramount. Typically, micro-apartments prioritize compactness and multifunctionality in each room.

Another issue is the lack of a clear separation between different areas within the living room. In a real micro-apartment, you would expect to see some form of division or furniture arrangement that defines different zones for sleeping, dining, and relaxation. The open layout without any partitions or built-in features makes the space feel less functional and less like a home.

Furthermore, the absence of any storage solutions is a significant oversight. Micro-apartments often rely on clever storage solutions to maximize the use of available space. The lack of closets, shelves, or other storage units makes this design impractical for daily living.

Lastly, the door placement seems somewhat arbitrary. In a real micro-apartment, door placement would be carefully considered to minimize wasted space and ensure smooth traffic flow. The current placement appears to create a narrow pathway that could be awkward to navigate.

**Flaws:**

* Unrealistically large living room
* Lack of separation between different areas within the living room
* Absence of storage solutions
* Poor door placement

**Strengths:**

* Simple and clean design aesthetic
* Potential for flexibility in furniture arrangement

Overall, while this design has some appealing qualities, it falls short in terms of realism and functionality for a micro-apartment. With some revisions to address the identified flaws, this design could better meet the needs of its intended occupants.","Based on the floor plan, the unlabeled room is likely to be a living room. This is because it is adjacent to the existing living room and has a similar size and shape. There are no visible doors or windows that would suggest it is a kitchen.

To make the other hypothesis valid, the layout would need to change in several ways:

*   The room would need to be larger to accommodate a kitchen island and appliances.
*   A doorway would need to be added to connect the room to the rest of the house.
*   Windows would need to be added to provide natural light and ventilation.
*   The room would need to be located near a water source, such as a bathroom or laundry room, to make it practical for a kitchen.

Here is the analysis in JSON format:

```
{
    ""preferred_hypothesis"": ""A"",
    ""reasoning"": ""The room is adjacent to the existing living room and has a similar size and shape."",
    ""counterfactual_analysis"": ""To make the other hypothesis valid, the layout would need to change in several ways, including increasing the size of the room, adding a doorway, adding windows, and locating the room near a water source.""
}
```

In conclusion, based on the floor plan, the unlabeled room is likely to be a living room. However, with some changes to the layout, it could also be a kitchen."
b536a8a6-89d5-4299-b1df-3baaaf4a8470,adversarial,missing_rooms,living_room,sketchy_extreme,closet,"**Analysis of the Mystery Room**

* **Room Type:** The mystery room is likely a closet or storage space.
* **Reasoning:** This conclusion is based on the room's small size and location between the living room and the bedroom. The room's dimensions suggest it is not large enough to be a full-fledged room, but rather a utility space for storing items. The presence of doors connecting it to both the living room and bedroom further supports this theory, as closets often serve multiple rooms.",utility_room_or_storage_space,based on architectural logic,"**Critique of Japanese Micro Apartment Floorplan**

### Realism Score

* Realism score: 4
* The floorplan's small size and compact layout are typical of micro apartments in Japan.
* However, several elements detract from its realism, including the extremely small bathroom, lack of storage space, and unusual shape of the living room.

### Critique

The floorplan has several flaws that impact its functionality and realism. The bathroom is too small, with no space for a shower or bathtub, making it impractical for daily use. The lack of storage space is also a significant issue, with no closets or cupboards visible in the floorplan. This would make it difficult for residents to store their belongings, leading to clutter and disorganization.

The unusual shape of the living room is also a problem. The room is long and narrow, with a strange angle at one end. This would make it difficult to furnish the room comfortably, and the angle would create a awkward space that is hard to use.

On the positive side, the floorplan does have some strengths. The use of sliding doors to separate the different areas of the apartment is a common feature in Japanese architecture, and it helps to create a sense of openness and flow. The placement of the kitchen and dining area is also well thought out, with plenty of space for food preparation and eating.

### Flaws

* Extremely small bathroom
* Lack of storage space
* Unusual shape of the living room
* No closets or cupboards
* Awkward angle in the living room

### Strengths

* Use of sliding doors to separate different areas of the apartment
* Well-placed kitchen and dining area
* Compact layout typical of Japanese micro apartments

**Answer:** { ""realism_score"": 4, ""critique"": ""The floorplan has several flaws that impact its functionality and realism, including an extremely small bathroom, lack of storage space, and unusual shape of the living room. However, it also has some strengths, such as the use of sliding doors and well-placed kitchen and dining area."", ""flaws"": [""extremely small bathroom"", ""lack of storage space"", ""unusual shape of the living room"", ""no closets or cupboards"", ""awkward angle in the living room""], ""strengths"": [""use of sliding doors"", ""well-placed kitchen and dining area"", ""compact layout""] }","Based on the floor plan, I would say that Hypothesis A fits the layout better. The room is located next to a hallway and has a door that opens into it, which is consistent with a living room. Additionally, the room is not adjacent to any plumbing fixtures or appliances, which suggests that it is not a kitchen.

The evidence that supports Hypothesis A includes:

* The location of the room next to a hallway
* The presence of a door that opens into the room
* The absence of plumbing fixtures or appliances

On the other hand, the evidence that supports Hypothesis B is limited. There are no clear indicators that the room is a kitchen, such as the presence of a sink or stove.

To make Hypothesis B valid, several changes would need to be made to the layout. These could include:

* Adding a sink and stove to the room
* Installing plumbing fixtures and appliances
* Rearranging the furniture and layout to accommodate a kitchen

Overall, while both hypotheses are possible, Hypothesis A fits the layout better based on the available evidence.

{ ""preferred_hypothesis"": ""A"", ""reasoning"": ""The room's location and lack of plumbing fixtures or appliances suggest that it is a living room."", ""counterfactual_analysis"": ""To make Hypothesis B valid, several changes would need to be made to the layout, including adding a sink and stove, installing plumbing fixtures and appliances, and rearranging the furniture and layout."" }"
