id,strategy,subtype,ground_truth,analysis,prediction,final_prediction,verification_reasoning,correct
43e8097c-6aa5-4b5f-b0df-e91f1c57e04c,normal,,kitchen,"**Answer:**

**{**

**""room_catalog"":**

**[**

**{""type"": ""Bedroom"", ""relative_size"": ""small"", ""symbols_seen"": [""Gray Rectangle with Pillow""]},**

**{""type"": ""Guest Bedroom"", ""relative_size"": ""small"", ""symbols_seen"": [""Gray Rectangle with Pillow""]},**

**{""type"": ""Living Room"", ""relative_size"": ""large"", ""symbols_seen"": [""Gray Rectangle with Divider""]},**

**{""type"": ""Office"", ""relative_size"": ""small"", ""symbols_seen"": []},**

**{""type"": ""Bathroom"", ""relative_size"": ""medium"", ""symbols_seen"": [""Blue Oval"", ""Blue Circle""]},**

**{""type"": ""Storage"", ""relative_size"": ""small"", ""symbols_seen"": []}**

**],**

**""mystery_room_audit"":**

**{""symbols"": [""Blue Circle"", ""Blue Rectangle with Dot""], ""size_assessment"": ""medium"", ""anomalies"": []},**

**""architectural_logic_score"": 9**

**}**

**Explanation:**

*   The room catalog lists all labeled rooms, focusing on their relative sizes and symbols seen.
*   The mystery room audit reveals the presence of a blue circle (sink) and a blue rectangle with a dot (stove), indicating it is likely a kitchen.
*   The size assessment suggests the mystery room is of medium size, comparable to typical kitchens.
*   No anomalies are detected in the floorplan, resulting in an architectural logic score of 9 out of 10.",kitchen,kitchen,"**Final Answer:** { ""final_room_type"": ""Kitchen"", ""verification_status"": ""confirmed"", ""final_reasoning"": ""The presence of a blue circle (sink) and a blue rectangle with a dot (stove) in the mystery room strongly suggests it is a kitchen, aligning with typical kitchen symbols and size."" }",True
3e4770cd-1edd-4d6b-b9a0-e38d92df9625,normal,,bathroom,"**Step 1: Cataloging**

The floor plan contains the following labeled rooms:

*   Living Room
*   Bedroom
*   Office
*   Guest Bedroom
*   Balcony
*   Kitchen

**Step 2: Mystery Room Audit**

Upon examining the unlabeled room, we observe the presence of a blue circle (indicating a sink) and a blue rectangle with a dot (indicating a stove). This suggests that the mystery room is likely a kitchen.

**Step 3: Anomalies**

The floor plan appears to be generally well-proportioned, with no obvious anomalies in terms of room sizes. However, it is worth noting that the office is relatively small compared to the other rooms.

**Conclusion**

Based on the analysis, we can conclude that the mystery room is likely a kitchen, given the presence of a sink and stove. The floor plan appears to be well-proportioned, with no major anomalies in terms of room sizes.

**JSON Response**

```
{
    ""room_catalog"": [
        {
            ""type"": ""Living Room"",
            ""relative_size"": ""large"",
            ""symbols_seen"": [""Gray Rectangle with Dividers""]
        },
        {
            ""type"": ""Bedroom"",
            ""relative_size"": ""medium"",
            ""symbols_seen"": [""Gray Rectangle with Pillows""]
        },
        {
            ""type"": ""Office"",
            ""relative_size"": ""small"",
            ""symbols_seen"": []
        },
        {
            ""type"": ""Guest Bedroom"",
            ""relative_size"": ""small"",
            ""symbols_seen"": [""Gray Rectangle with Pillows""]
        },
        {
            ""type"": ""Balcony"",
            ""relative_size"": ""small"",
            ""symbols_seen"": []
        },
        {
            ""type"": ""Kitchen"",
            ""relative_size"": ""medium"",
            ""symbols_seen"": [""Blue Circle"", ""Blue Rectangle with Dot""]
        }
    ],
    ""mystery_room_audit"": {
        ""symbols"": [""Blue Circle"", ""Blue Rectangle with Dot""],
        ""size_assessment"": ""medium"",
        ""anomalies"": []
    },
    ""architectural_logic_score"": 8
}
```",kitchen,kitchen,"**Final Confirmation**

Based on the analysis, I confirm that the mystery room is indeed a **Kitchen**. The presence of a sink (blue circle) and stove (blue rectangle with dot) in the mystery room strongly suggests that it is a kitchen. This conclusion is logically consistent with the surrounding context, as the other labeled rooms have furniture and fixtures consistent with their respective functions.

**Verification Status:** Confirmed

**Final Reasoning:** The presence of a sink and stove in the mystery room provides strong evidence that it is a kitchen, making this the definitive answer.",False
a282de3d-c86a-4d55-ae87-7189f9dc22e7,normal,,office,"**Answer:** 

{
    ""room_catalog"": [
        {""type"": ""Living Room"", ""relative_size"": ""large"", ""symbols_seen"": [""Gray Rectangles with Dividers""]},
        {""type"": ""Bedroom"", ""relative_size"": ""medium"", ""symbols_seen"": [""Gray Rectangles with Pillows""]},
        {""type"": ""Kitchen"", ""relative_size"": ""small"", ""symbols_seen"": [""Blue Rectangles with Dots"", ""Blue Circles""]},
        {""type"": ""Bathroom"", ""relative_size"": ""small"", ""symbols_seen"": [""Blue Ovals"", ""Blue Circles""]},
        {""type"": ""Guest Bedroom"", ""relative_size"": ""small"", ""symbols_seen"": [""Gray Rectangles with Pillows""]}
    ],
    ""mystery_room_audit"": {
        ""symbols"": [""Blue Ovals"", ""Blue Circles""],
        ""size_assessment"": ""small"",
        ""anomalies"": []
    },
    ""architectural_logic_score"": 8
}

**Explanation:**

The room catalog lists each labeled room along with its relative size and the symbols found within it. The mystery room audit focuses on the unlabeled room, identifying the symbols present and assessing its size in relation to typical rooms of that type. The architectural logic score evaluates the overall coherence and realism of the floorplan, considering factors such as room proportions, symbol placement, and functional consistency.",bedroom,bedroom,"**Final Confirmation**

* **Final Room Type:** Bedroom
* **Verification Status:** Confirmed
* **Final Reasoning:** The mystery room contains a 'Gray Rectangle with Pillows' symbol, consistent with the symbol used in the labeled 'Bedroom' and 'Guest Bedroom', and its size is comparable to the other bedrooms, further supporting this conclusion.",False
dac12f6c-3ab4-45a6-a1c6-4cd142c10adf,normal,,office,"**Answer:** { ""room_catalog"": [ {""type"": ""Bedroom"", ""relative_size"": ""medium"", ""symbols_seen"": [""Gray Rectangles with Pillows""]}, {""type"": ""Office"", ""relative_size"": ""large"", ""symbols_seen"": []}, {""type"": ""Kitchen"", ""relative_size"": ""medium"", ""symbols_seen"": [""Blue Circles"", ""Blue Rectangles with Dots""]}, {""type"": ""Living Room"", ""relative_size"": ""large"", ""symbols_seen"": [""Gray Rectangles with Dividers""]}, {""type"": ""Storage"", ""relative_size"": ""small"", ""symbols_seen"": []}, {""type"": ""Bathroom"", ""relative_size"": ""small"", ""symbols_seen"": [""Blue Ovals"", ""Blue Circles""]} ], ""mystery_room_audit"": { ""symbols"": [""Blue Ovals"", ""Blue Circles""], ""size_assessment"": ""The mystery room is relatively small compared to typical rooms of its type."", ""anomalies"": [""The room appears to be a bathroom, but it is not labeled as such. This could be an anomaly or simply an error in the floorplan.""] }, ""architectural_logic_score"": ""8"" }",bathroom,bathroom,"**Final Answer:** { ""final_room_type"": ""Bathroom"", ""verification_status"": ""confirmed"", ""final_reasoning"": ""The room is small, has a Blue Oval symbol, and is located near the Kitchen and Living Room, all of which are consistent with a Bathroom."" }",False
f433c549-0173-43f8-a2cf-c95e003a63ef,normal,,living_room,"**Answer:**

{
  ""room_catalog"": [
    {""type"": ""Bedroom"", ""relative_size"": ""medium"", ""symbols_seen"": [""Gray Rectangle with Pillows""]},
    {""type"": ""Bathroom"", ""relative_size"": ""small"", ""symbols_seen"": [""Blue Oval"", ""Blue Circle""]},
    {""type"": ""Kitchen"", ""relative_size"": ""medium"", ""symbols_seen"": [""Blue Rectangle with Dot"", ""Blue Circle""]},
    {""type"": ""Office"", ""relative_size"": ""large"", ""symbols_seen"": []},
    {""type"": ""Balcony"", ""relative_size"": ""small"", ""symbols_seen"": []}
  ],
  ""mystery_room_audit"": {
    ""symbols"": [""Gray Rectangle with Dividers""],
    ""size_assessment"": ""The mystery room is larger than the Bedroom but smaller than the Office."",
    ""anomalies"": [""The mystery room has a sofa, which is typically found in Living Rooms. However, there is no indication of a TV or other living room features.""],
    ""architectural_logic_score"": 8
  }
}

**Explanation:**

*   The room catalog lists all labeled rooms, including their relative sizes and any symbols seen within them.
*   The mystery room audit examines the unlabeled room, identifying the sofa symbol (Gray Rectangle with Dividers) and assessing its size relative to typical rooms of that type. It also notes the anomaly of a sofa being present without other living room features.
*   The architectural logic score is 8 out of 10, indicating that while the floorplan generally follows logical design principles, there are some unusual aspects, such as the mystery room's sofa without other living room elements.",living_room,living_room,"**Final Answer:** { ""final_room_type"": ""Living Room"", ""verification_status"": ""confirmed"", ""final_reasoning"": ""The presence of a sofa symbol, its connection to the Bedroom, and its size relative to other rooms logically confirm that the mystery room is a Living Room."" }",True
db17eedd-2bde-4a6d-9a31-133523732d9f,normal,,office,"**Step 1: Cataloging**

*   The labeled rooms are:
    *   Bedroom
    *   Balcony
    *   Kitchen
    *   Guest Bedroom
    *   Living Room

**Step 2: Mystery Room Audit**

*   The unlabeled room contains a Blue Circle symbol, which represents a Sink.
*   The size of the mystery room is comparable to that of a typical Bathroom.

**Step 3: Anomalies**

*   There are no unrealistic proportions in the floor plan.

**Answer**: 

```json
{
    ""room_catalog"": [
        {
            ""type"": ""Bedroom"",
            ""relative_size"": ""medium"",
            ""symbols_seen"": [""Gray Rectangle with Pillows""]
        },
        {
            ""type"": ""Balcony"",
            ""relative_size"": ""small"",
            ""symbols_seen"": []
        },
        {
            ""type"": ""Kitchen"",
            ""relative_size"": ""medium"",
            ""symbols_seen"": [""Blue Rectangle with Dot"", ""Blue Circle""]
        },
        {
            ""type"": ""Guest Bedroom"",
            ""relative_size"": ""medium"",
            ""symbols_seen"": [""Gray Rectangle with Pillows""]
        },
        {
            ""type"": ""Living Room"",
            ""relative_size"": ""large"",
            ""symbols_seen"": [""Gray Rectangle with Dividers""]
        }
    ],
    ""mystery_room_audit"": {
        ""symbols"": [""Blue Circle""],
        ""size_assessment"": ""comparable to a typical Bathroom"",
        ""anomalies"": []
    },
    ""architectural_logic_score"": ""9""
}
```",bathroom,bathroom,"**Final Answer:** The final answer is { ""final_room_type"": ""Bathroom"", ""verification_status"": ""confirmed"", ""final_reasoning"": ""The presence of a Sink symbol and the room's size are consistent with a typical Bathroom."" } I hope it is correct.",False
4313b1c1-40dc-4d23-bdeb-ee9f3fcd45dd,normal,,kitchen,"**Step 1: Cataloging**

*   The labeled rooms are Bedroom, Balcony, Guest Bedroom, and Living Room.
*   The relative sizes of the rooms are as follows:
    *   Bedroom: Medium
    *   Balcony: Small
    *   Guest Bedroom: Medium
    *   Living Room: Large

**Step 2: Mystery Room Audit**

*   The mystery room is located between the Bedroom and the Guest Bedroom.
*   It contains a Blue Circle symbol, indicating a sink.
*   The size of the mystery room is medium.

**Step 3: Anomalies**

*   There are no unrealistic proportions in the floor plan.

**JSON Response**

```json
{
    ""room_catalog"": [
        {
            ""type"": ""Bedroom"",
            ""relative_size"": ""medium"",
            ""symbols_seen"": [""Gray Rectangle with Pillows""]
        },
        {
            ""type"": ""Balcony"",
            ""relative_size"": ""small"",
            ""symbols_seen"": []
        },
        {
            ""type"": ""Guest Bedroom"",
            ""relative_size"": ""medium"",
            ""symbols_seen"": [""Gray Rectangle with Pillows""]
        },
        {
            ""type"": ""Living Room"",
            ""relative_size"": ""large"",
            ""symbols_seen"": [""Gray Rectangle with Dividers""]
        }
    ],
    ""mystery_room_audit"": {
        ""symbols"": [""Blue Circle""],
        ""size_assessment"": ""The mystery room is of medium size, which is consistent with typical bathrooms."",
        ""anomalies"": []
    },
    ""architectural_logic_score"": 10
}
```

**Conclusion**

Based on the analysis, the mystery room is likely a bathroom, given the presence of a sink and its medium size. The floor plan appears to be well-designed, with no unrealistic proportions or anomalies. Therefore, the architectural logic score is 10.",bathroom,bathroom,"**Final Answer:** The mystery room is a **Bathroom**. 

**Verification Status:** Confirmed

**Final Reasoning:** The presence of a sink, indicated by the Blue Circle symbol, and the medium size of the mystery room are consistent with typical bathroom characteristics.",False
8680bac2-1c7f-4bc5-a89c-f2fd79089d65,normal,,bedroom,"**Room Catalog**

*   **Guest Bedroom**: Small, Gray Rectangle with Pillows
*   **Office**: Medium, No symbols
*   **Kitchen**: Medium, Blue Circle (Sink), Blue Rectangle with Dot (Stove)
*   **Bathroom**: Small, Blue Oval (Toilet), Blue Circle (Sink)
*   **Balcony**: Small, No symbols
*   **Living Room**: Large, Gray Rectangle with Dividers (Sofa)

**Mystery Room Audit**

*   **Symbols Seen**: Blue Oval (Toilet), Blue Circle (Sink)
*   **Size Assessment**: The mystery room is smaller than typical bathrooms but larger than most toilets. It's roughly the size of a compact bathroom or a large closet.
*   **Anomalies**: The presence of both a toilet and a sink in such a small space is unusual. Typically, bathrooms have more space to accommodate both fixtures comfortably.

**Architectural Logic Score**: 6/10

The floor plan generally follows logical architectural principles, with rooms serving their expected purposes. However, the mystery room's compact size and the inclusion of both a toilet and a sink raise questions about its practicality and comfort. This anomaly deducts from the overall architectural logic score.",bathroom,bathroom,"**Final Answer:** { ""final_room_type"": ""Bathroom"", ""verification_status"": ""confirmed"", ""final_reasoning"": ""The room is confirmed to be a bathroom due to the presence of a toilet and sink, despite its compact size."" }",False
382b8565-bcab-4875-9629-cc5e1d70f010,normal,,bedroom,"**Step 1: Cataloging**

Based on the provided floor plan, we can identify and catalog the labeled rooms along with their relative sizes and any notable symbols within them.

*   **Living Room**: This room is relatively large. It contains a gray rectangle with dividers, indicating the presence of a sofa.
*   **Kitchen**: This room is medium-sized. It features a blue rectangle with dots, signifying a stove, and a blue circle, representing a sink.
*   **Guest Bedroom**: This room is medium-sized. It includes a gray rectangle with pillows, denoting a bed.

**Step 2: Mystery Room Audit**

Upon examining the unlabeled room, we observe the following:

*   The room is small.
*   It contains a blue oval, indicating a toilet, and a blue circle, representing a sink.

Given these symbols, it is reasonable to conclude that the mystery room is likely a bathroom. The presence of both a toilet and a sink aligns with typical bathroom fixtures.

**Step 3: Anomalies**

After reviewing the floor plan, no unrealistic proportions or anomalies were identified in the sizes of the rooms or the placement of symbols within them.

**Conclusion**

In conclusion, the mystery room is most likely a bathroom, as evidenced by the presence of a toilet and a sink. The sizes of the rooms and the placement of symbols within them appear logical and consistent with typical architectural designs.

**JSON Format Response**

```
{
    ""room_catalog"": [
        {
            ""type"": ""Living Room"",
            ""relative_size"": ""large"",
            ""symbols_seen"": [""Gray Rectangle with Dividers""]
        },
        {
            ""type"": ""Kitchen"",
            ""relative_size"": ""medium"",
            ""symbols_seen"": [""Blue Rectangle with Dots"", ""Blue Circle""]
        },
        {
            ""type"": ""Guest Bedroom"",
            ""relative_size"": ""medium"",
            ""symbols_seen"": [""Gray Rectangle with Pillows""]
        }
    ],
    ""mystery_room_audit"": {
        ""symbols"": [""Blue Oval"", ""Blue Circle""],
        ""size_assessment"": ""small"",
        ""anomalies"": []
    },
    ""architectural_logic_score"": 9
}
```",bathroom,bathroom,"{ ""final_room_type"": ""Bathroom"", ""verification_status"": ""confirmed"", ""final_reasoning"": ""The presence of a toilet and sink in the mystery room aligns with typical bathroom fixtures, confirming the initial prediction."" }",False
8cbce865-d85a-490c-bd7c-33a599160598,normal,,living_room,"**Answer:**

**Step 1: Cataloging**

The floor plan includes the following labeled rooms:

*   **Kitchen**: Medium size, containing a Blue Rectangle with Dots (Stove) and a Blue Circle (Sink).
*   **Bedroom**: Medium size, featuring a Gray Rectangle with Pillows (Bed).
*   **Bathroom**: Small size, containing a Blue Oval (Toilet) and a Blue Circle (Sink).
*   **Storage**: Small size, no symbols present.
*   **Guest Bedroom**: Medium size, featuring a Gray Rectangle with Pillows (Bed).

**Step 2: Mystery Room Audit**

Upon examining the unlabeled room, we observe the presence of a Blue Oval (Toilet) and a Blue Circle (Sink). These symbols are typically found in bathrooms. The room's size appears to be consistent with that of a bathroom.

**Step 3: Anomalies**

There are no apparent unrealistic proportions in the floor plan. All rooms seem to be proportionate to their intended use.

**JSON Response:**

```json
{
    ""room_catalog"": [
        {
            ""type"": ""Kitchen"",
            ""relative_size"": ""medium"",
            ""symbols_seen"": [""Blue Rectangle with Dots"", ""Blue Circle""]
        },
        {
            ""type"": ""Bedroom"",
            ""relative_size"": ""medium"",
            ""symbols_seen"": [""Gray Rectangle with Pillows""]
        },
        {
            ""type"": ""Bathroom"",
            ""relative_size"": ""small"",
            ""symbols_seen"": [""Blue Oval"", ""Blue Circle""]
        },
        {
            ""type"": ""Storage"",
            ""relative_size"": ""small"",
            ""symbols_seen"": []
        },
        {
            ""type"": ""Guest Bedroom"",
            ""relative_size"": ""medium"",
            ""symbols_seen"": [""Gray Rectangle with Pillows""]
        }
    ],
    ""mystery_room_audit"": {
        ""symbols"": [""Blue Oval"", ""Blue Circle""],
        ""size_assessment"": ""Consistent with a typical bathroom size"",
        ""anomalies"": []
    },
    ""architectural_logic_score"": 9
}
```",bathroom,bathroom,**Final Answer:** The final answer is Bathroom. I hope it is correct.,False
d593d75c-5396-4d98-8588-76f13c986b23,normal,,bathroom,"**Step 1: Cataloging**

The following rooms are labeled in the floorplan:

*   Guest Bedroom (medium)
*   Bedroom (medium)
*   Office (large)
*   Kitchen (large)
*   Living Room (large)

**Step 2: Mystery Room Audit**

The mystery room is located next to the Guest Bedroom and Bedroom. It contains a Blue Oval symbol, indicating that it is a Bathroom.

**Step 3: Anomalies**

There are no unrealistic proportions in the floorplan. The Bathroom is of a reasonable size compared to the other rooms.

**Answer:** 

```
{
    ""room_catalog"": [
        {""type"": ""Guest Bedroom"", ""relative_size"": ""medium"", ""symbols_seen"": [""Gray Rectangle with Pillow""]},
        {""type"": ""Bedroom"", ""relative_size"": ""medium"", ""symbols_seen"": [""Gray Rectangle with Pillow""]},
        {""type"": ""Office"", ""relative_size"": ""large"", ""symbols_seen"": []},
        {""type"": ""Kitchen"", ""relative_size"": ""large"", ""symbols_seen"": [""Blue Rectangle with Dot"", ""Blue Circle""]},
        {""type"": ""Living Room"", ""relative_size"": ""large"", ""symbols_seen"": [""Gray Rectangle with Divider""]}
    ],
    ""mystery_room_audit"": {
        ""symbols"": [""Blue Oval""],
        ""size_assessment"": ""The mystery room is of a reasonable size compared to typical bathrooms."",
        ""anomalies"": []
    },
    ""architectural_logic_score"": 10
}
```",bathroom,bathroom,"**Final Confirmation**

Based on the analysis, I confirm that the mystery room is indeed a bathroom. The presence of the Blue Oval symbol, indicative of a bathroom, combined with its logical placement next to bedrooms and the absence of any topological anomalies, supports this conclusion.

**Verification Status:** Confirmed

**Final Reasoning:** The consistency of the bathroom symbol and the room's location next to bedrooms logically aligns with typical architectural designs, making it the definitive answer.",True
c7f471c4-ed5a-466c-bcaa-1fa7d073f781,normal,,kitchen,"**Step 1: Cataloging**

The floorplan features the following labeled rooms:

*   Bedroom (small)
*   Bathroom (medium)
*   Storage (small)
*   Balcony (small)
*   Living Room (large)
*   Office (large)

**Step 2: Mystery Room Audit**

Upon examining the unlabeled room, we observe a blue circle symbol, indicating the presence of a sink. This suggests that the mystery room is likely a kitchen.

**Step 3: Anomalies**

There are no apparent unrealistic proportions in the floorplan. However, it is worth noting that the office and living room are relatively large compared to the other rooms.

**Answer:**

```json
{
  ""room_catalog"": [
    {
      ""type"": ""Bedroom"",
      ""relative_size"": ""small"",
      ""symbols_seen"": [""Gray Rectangle with Pillows""]
    },
    {
      ""type"": ""Bathroom"",
      ""relative_size"": ""medium"",
      ""symbols_seen"": [""Blue Oval"", ""Blue Circle""]
    },
    {
      ""type"": ""Storage"",
      ""relative_size"": ""small"",
      ""symbols_seen"": []
    },
    {
      ""type"": ""Balcony"",
      ""relative_size"": ""small"",
      ""symbols_seen"": []
    },
    {
      ""type"": ""Living Room"",
      ""relative_size"": ""large"",
      ""symbols_seen"": [""Gray Rectangle with Dividers""]
    },
    {
      ""type"": ""Office"",
      ""relative_size"": ""large"",
      ""symbols_seen"": []
    }
  ],
  ""mystery_room_audit"": {
    ""symbols"": [""Blue Circle""],
    ""size_assessment"": ""The mystery room is of medium size, which is consistent with a typical kitchen."",
    ""anomalies"": []
  },
  ""architectural_logic_score"": 9
}
```",kitchen,kitchen,"**Final Answer:** { ""final_room_type"": ""Kitchen"", ""verification_status"": ""confirmed"", ""final_reasoning"": ""The mystery room is of medium size, which is consistent with a typical kitchen, and the presence of a sink symbol (blue circle) in the room further supports this conclusion."" }",True
8d134e8b-bdd1-4df2-a063-b69ae7d70bb7,normal,,office,"**Room Catalog:**

*   **Bedroom**: Medium, Gray Rectangles with Pillows
*   **Bathroom**: Small, Blue Ovals, Blue Circles
*   **Kitchen**: Medium, Blue Circles, Blue Rectangles with Dots
*   **Living Room**: Large, Gray Rectangles with Dividers

**Mystery Room Audit:**

*   **Symbols:** Blue Circles, Blue Rectangles with Dots
*   **Size Assessment:** The mystery room is slightly larger than the kitchen but smaller than the living room.
*   **Anomalies:** None observed.

**Architectural Logic Score:** 8/10",kitchen,kitchen,"**Final Room Type:** Kitchen
**Verification Status:** Corrected
**Final Reasoning:** Upon reviewing the symbols, I noticed that the mystery room contains a sink and stove, which are typical fixtures found in a kitchen. This further supports my prediction that the mystery room is indeed a kitchen.",False
5d9ec7a6-5130-4d41-99de-33c6d010e989,normal,,living_room,"**Step 1: Cataloging**

List every labeled room and focus on their relative sizes.

*   Bedroom: medium
*   Guest Bedroom: medium
*   Kitchen: large
*   Bathroom: small
*   Office: small
*   Balcony: medium

**Step 2: Mystery Room Audit**

Look closely at the unlabeled room. Do you see any Blue or Gray symbols?

*   The mystery room contains a blue circle (sink) and a blue rectangle with a dot (stove).

**Step 3: Anomalies**

Are there unrealistic proportions (e.g., a 20m2 ""Bathroom"" or a 2m2 ""Living Room"")?

*   The kitchen is large, which is realistic for a modern urban style home.
*   The bathroom is small, which is also realistic.
*   The office is small, which is realistic for a home office.
*   The balcony is medium-sized, which is realistic for a modern urban style home.

**Answer:**

```
{
  ""room_catalog"": [
    {
      ""type"": ""Bedroom"",
      ""relative_size"": ""medium"",
      ""symbols_seen"": [""Gray Rectangle with Pillows""]
    },
    {
      ""type"": ""Guest Bedroom"",
      ""relative_size"": ""medium"",
      ""symbols_seen"": [""Gray Rectangle with Pillows""]
    },
    {
      ""type"": ""Kitchen"",
      ""relative_size"": ""large"",
      ""symbols_seen"": [""Blue Circle"", ""Blue Rectangle with Dot""]
    },
    {
      ""type"": ""Bathroom"",
      ""relative_size"": ""small"",
      ""symbols_seen"": [""Blue Oval"", ""Blue Circle""]
    },
    {
      ""type"": ""Office"",
      ""relative_size"": ""small"",
      ""symbols_seen"": []
    },
    {
      ""type"": ""Balcony"",
      ""relative_size"": ""medium"",
      ""symbols_seen"": []
    }
  ],
  ""mystery_room_audit"": {
    ""symbols"": [""Blue Circle"", ""Blue Rectangle with Dot""],
    ""size_assessment"": ""The mystery room is large, which is realistic for a kitchen."",
    ""anomalies"": []
  },
  ""architectural_logic_score"": 9
}
```",kitchen,kitchen,"**Final Confirmation**

*   **Final Room Type:** Kitchen
*   **Verification Status:** Confirmed
*   **Final Reasoning:** The presence of a blue circle (sink) and a blue rectangle with a dot (stove) in the mystery room, combined with its large size, definitively indicates that it is a kitchen, aligning with typical kitchen layouts and functionalities in modern urban homes.",False
b186a7b0-b44b-4a77-a289-f75240a0ff1d,normal,,living_room,"**Step 1: Cataloging**

The labeled rooms in the floorplan are:

*   Bedroom
*   Kitchen
*   Office
*   Bathroom
*   Storage
*   Balcony

**Step 2: Mystery Room Audit**

The mystery room is located next to the kitchen and has a blue rectangle with a dot, indicating that it is a stove. This suggests that the mystery room is likely a kitchen or a dining area.

**Step 3: Anomalies**

There do not appear to be any unrealistic proportions in the floorplan. All of the rooms seem to be reasonably sized for their intended purposes.

**Answer**

```json
{
    ""room_catalog"": [
        {""type"": ""Bedroom"", ""relative_size"": ""small"", ""symbols_seen"": [""Gray Rectangles with Pillows""]},
        {""type"": ""Kitchen"", ""relative_size"": ""medium"", ""symbols_seen"": [""Blue Circles"", ""Blue Rectangles with Dots""]},
        {""type"": ""Office"", ""relative_size"": ""large"", ""symbols_seen"": []},
        {""type"": ""Bathroom"", ""relative_size"": ""small"", ""symbols_seen"": [""Blue Ovals"", ""Blue Circles""]},
        {""type"": ""Storage"", ""relative_size"": ""small"", ""symbols_seen"": []},
        {""type"": ""Balcony"", ""relative_size"": ""medium"", ""symbols_seen"": []}
    ],
    ""mystery_room_audit"": {
        ""symbols"": [""Blue Rectangles with Dots""],
        ""size_assessment"": ""The mystery room is likely a kitchen or dining area, as it is located next to the kitchen and has a stove."",
        ""anomalies"": []
    },
    ""architectural_logic_score"": 9
}
```",kitchen/dining_area,kitchen/dining_area,"The final answer is: { ""final_room_type"": ""Kitchen"", ""verification_status"": ""confirmed"", ""final_reasoning"": ""The room's location next to the kitchen and the presence of a stove symbol are strong indicators that it is intended for food preparation or cooking, which is consistent with the functions of a kitchen."" }",False
ba2f8949-9fe6-4352-b0a8-cd352942cac8,normal,,office,"**Step 1: Cataloging**

The labeled rooms in the floorplan are:

*   Bedroom
*   Guest Bedroom
*   Kitchen
*   Living Room

**Step 2: Mystery Room Audit**

Upon examining the unlabeled room, we notice the presence of a Blue Oval symbol, which indicates a Toilet. Additionally, there is a Blue Circle symbol, signifying a Sink. These symbols suggest that the mystery room is likely a Bathroom.

**Step 3: Anomalies**

There do not appear to be any unrealistic proportions in the floorplan. The sizes of the rooms seem reasonable for their respective purposes.

**Answer**: 

```json
{
    ""room_catalog"": [
        {
            ""type"": ""Bedroom"",
            ""relative_size"": ""medium"",
            ""symbols_seen"": [""Gray Rectangle with Pillows""]
        },
        {
            ""type"": ""Guest Bedroom"",
            ""relative_size"": ""medium"",
            ""symbols_seen"": [""Gray Rectangle with Pillows""]
        },
        {
            ""type"": ""Kitchen"",
            ""relative_size"": ""large"",
            ""symbols_seen"": [""Blue Rectangle with Dot"", ""Blue Circle""]
        },
        {
            ""type"": ""Living Room"",
            ""relative_size"": ""large"",
            ""symbols_seen"": [""Gray Rectangle with Dividers""]
        }
    ],
    ""mystery_room_audit"": {
        ""symbols"": [""Blue Oval"", ""Blue Circle""],
        ""size_assessment"": ""The size of the mystery room is comparable to that of a typical bathroom."",
        ""anomalies"": []
    },
    ""architectural_logic_score"": 8
}
```",bathroom,bathroom,"**Final Answer:** { ""final_room_type"": ""Bathroom"", ""verification_status"": ""confirmed"", ""final_reasoning"": ""The presence of a Toilet and Sink symbols in the mystery room, along with its comparable size to a typical bathroom, confirms that it is indeed a Bathroom."" }",False
b335ef10-e9e1-418a-b06a-d6f2150456c7,normal,,living_room,"**Answer:** { ""room_catalog"": [ {""type"": ""Office"", ""relative_size"": ""small"", ""symbols_seen"": []}, {""type"": ""Kitchen"", ""relative_size"": ""medium"", ""symbols_seen"": [""Blue Rectangle with Dot""]}, {""type"": ""Bathroom"", ""relative_size"": ""small"", ""symbols_seen"": [""Blue Oval"", ""Blue Circle""]}, {""type"": ""Bedroom"", ""relative_size"": ""medium"", ""symbols_seen"": [""Gray Rectangle with Pillows""]}, {""type"": ""Guest Bedroom"", ""relative_size"": ""medium"", ""symbols_seen"": [""Gray Rectangle with Pillows""]}, {""type"": ""Storage"", ""relative_size"": ""large"", ""symbols_seen"": []} ], ""mystery_room_audit"": { ""symbols"": [""Blue Oval"", ""Blue Circle""], ""size_assessment"": ""The mystery room is similar in size to the Bathroom."", ""anomalies"": [] }, ""architectural_logic_score"": ""9"" }",bathroom,bathroom,"**Final Confirmation**

* **Final Room Type:** Bathroom
* **Verification Status:** Confirmed
* **Final Reasoning:** The room is small in size, located near the Kitchen, and has no anomalies in the layout, all of which are consistent with a Bathroom.",False
a4774c0e-16cc-4db1-b7ad-0b23d24f8daa,normal,,bedroom,"**Answer:**

{ ""room_catalog"": [ {""type"": ""Guest Bedroom"", ""relative_size"": ""medium"", ""symbols_seen"": [""Gray Rectangle with Pillows""]}, {""type"": ""Kitchen"", ""relative_size"": ""large"", ""symbols_seen"": [""Blue Circle"", ""Blue Rectangle with Dot""]}, {""type"": ""Living Room"", ""relative_size"": ""large"", ""symbols_seen"": [""Gray Rectangle with Dividers""]}, {""type"": ""Bathroom"", ""relative_size"": ""small"", ""symbols_seen"": [""Blue Oval"", ""Blue Circle""]}, {""type"": ""Balcony"", ""relative_size"": ""small"", ""symbols_seen"": []} ], ""mystery_room_audit"": { ""symbols"": [""Blue Oval"", ""Blue Circle""], ""size_assessment"": ""typical size for a bathroom"", ""anomalies"": [] }, ""architectural_logic_score"": ""9"" }

**Explanation:**

*   The room catalog lists all labeled rooms with their relative sizes and symbols seen.
*   The mystery room audit reveals that the unlabeled room contains a blue oval (toilet) and a blue circle (sink), indicating it is likely a bathroom.
*   The architectural logic score is 9 out of 10, as the floorplan appears well-designed with realistic proportions, but there may be minor issues not immediately apparent.",bathroom,bathroom,"**Final Answer:** { ""final_room_type"": ""Bathroom"", ""verification_status"": ""confirmed"", ""final_reasoning"": ""The presence of a toilet (blue oval) and sink (blue circle) in the unlabeled room confirms it is a Bathroom, consistent with the analysis and architectural logic."" }",False
030199d1-7314-4c22-bd8f-b49f5f5fed41,normal,,office,"**Answer:** 

```
{
  ""room_catalog"": [
    {""type"": ""Living Room"", ""relative_size"": ""large"", ""symbols_seen"": [""Gray Rectangle with Dividers""]},
    {""type"": ""Bedroom"", ""relative_size"": ""medium"", ""symbols_seen"": [""Gray Rectangle with Pillows""]},
    {""type"": ""Guest Bedroom"", ""relative_size"": ""small"", ""symbols_seen"": [""Gray Rectangle with Pillows""]},
    {""type"": ""Bathroom"", ""relative_size"": ""small"", ""symbols_seen"": [""Blue Oval"", ""Blue Circle""]},
    {""type"": ""Kitchen"", ""relative_size"": ""medium"", ""symbols_seen"": [""Blue Rectangle with Dot"", ""Blue Circle""]},
    {""type"": ""Storage"", ""relative_size"": ""small"", ""symbols_seen"": []}
  ],
  ""mystery_room_audit"": {
    ""symbols"": [""Blue Oval"", ""Blue Circle""],
    ""size_assessment"": ""small"",
    ""anomalies"": []
  },
  ""architectural_logic_score"": 9
}
```

**Explanation:**

1.  **Cataloging:** The floor plan includes a Living Room, Bedroom, Guest Bedroom, Bathroom, Kitchen, and Storage. Each room's relative size is determined based on the floor plan's layout, with the Living Room being the largest and the Bathroom and Storage being the smallest.
2.  **Mystery Room Audit:** The unlabeled room contains a Blue Oval (Toilet) and a Blue Circle (Sink), indicating it is likely a Bathroom. Its size is consistent with typical bathrooms.
3.  **Anomalies:** No unrealistic proportions or suspicious features were identified in the floor plan. The architectural logic score is 9 out of 10, indicating a well-designed and functional layout.",bathroom,bathroom,"**Final Answer:** { ""final_room_type"": ""Bathroom"", ""verification_status"": ""confirmed"", ""final_reasoning"": ""The presence of a toilet and sink, along with its size and location, logically confirms it is a bathroom."" }",False
9d289661-b9ef-496e-8694-d718b807431a,normal,,bathroom,"Based on the floor plan, here is the analysis:

**room_catalog**:

* Bedroom: medium, symbols seen: [Gray Rectangles with Pillows]
* Kitchen: large, symbols seen: [Blue Circles, Blue Rectangles with Dots]
* Living Room: large, symbols seen: [Gray Rectangles with Dividers]
* Storage: small, symbols seen: []
* Office: medium, symbols seen: []
* Bathroom: small, symbols seen: [Blue Ovals, Blue Circles]
* Balcony: small, symbols seen: []

**mystery_room_audit**:

* symbols: [Blue Circles]
* size_assessment: The mystery room is of medium size, which is consistent with a typical bathroom.
* anomalies: None

**architectural_logic_score**: 8/10

The mystery room appears to be a bathroom, given the presence of a sink (blue circle) and its medium size. The overall floor plan seems to follow a logical and realistic layout, with no major anomalies or unrealistic proportions. However, the lack of a clear distinction between the bathroom and the adjacent room (which could be a closet or a storage area) might be considered a minor anomaly.",bathroom,bathroom,"**Final Answer:** { ""final_room_type"": ""Bathroom"", ""verification_status"": ""confirmed"", ""final_reasoning"": ""The room contains a sink symbol (blue circle), which is consistent with a typical bathroom, and its medium size matches the expected size of a bathroom."" }",True
11169dc5-508a-44b5-8f59-09272b236b44,normal,,kitchen,"**Step 1: Cataloging**

The following labeled rooms are present in the floorplan:

*   Guest Bedroom (small)
*   Bedroom (medium)
*   Living Room (large)
*   Balcony (small)
*   Office (medium)

**Step 2: Mystery Room Audit**

Upon examining the unlabeled room, a Blue Oval symbol is visible, indicating that it is likely a Bathroom.

**Step 3: Anomalies**

No unrealistic proportions are observed in the floorplan. The sizes of the rooms appear to be reasonable and consistent with typical room sizes.

**Answer**

```json
{
    ""room_catalog"": [
        {
            ""type"": ""Guest Bedroom"",
            ""relative_size"": ""small"",
            ""symbols_seen"": []
        },
        {
            ""type"": ""Bedroom"",
            ""relative_size"": ""medium"",
            ""symbols_seen"": []
        },
        {
            ""type"": ""Living Room"",
            ""relative_size"": ""large"",
            ""symbols_seen"": []
        },
        {
            ""type"": ""Balcony"",
            ""relative_size"": ""small"",
            ""symbols_seen"": []
        },
        {
            ""type"": ""Office"",
            ""relative_size"": ""medium"",
            ""symbols_seen"": []
        }
    ],
    ""mystery_room_audit"": {
        ""symbols"": [""Blue Oval""],
        ""size_assessment"": ""The size of the mystery room is consistent with a typical Bathroom."",
        ""anomalies"": []
    },
    ""architectural_logic_score"": 9
}
```",bathroom,bathroom,"**Final Confirmation**

*   **Final Room Type:** Bathroom
*   **Verification Status:** Confirmed
*   **Final Reasoning:** The presence of the Blue Oval symbol and the reasonable size of the room led me to conclude that the mystery room is likely a Bathroom.",False
8ddb5614-9794-4eb1-9775-e9a31773eca0,normal,,bathroom,"**Step 1: Cataloging**

*   The floorplan features the following labeled rooms:
    *   Living Room (large)
    *   Balcony (small)
    *   Kitchen (medium)
    *   Guest Bedroom (medium)
    *   Bedroom (medium)

**Step 2: Mystery Room Audit**

*   The mystery room is located between the Guest Bedroom and the Kitchen.
*   It contains a Blue Oval symbol, indicating a Toilet.
*   Its size appears to be relatively small compared to the other rooms.

**Step 3: Anomalies**

*   The mystery room's size is consistent with typical Bathroom sizes.
*   There are no unrealistic proportions observed in the floorplan.

**Conclusion**

The mystery room is likely a Bathroom due to the presence of a Toilet symbol and its relatively small size. The floorplan appears to be architecturally logical, with no significant anomalies or unrealistic proportions.

**JSON Response**

```json
{
  ""room_catalog"": [
    {
      ""type"": ""Living Room"",
      ""relative_size"": ""large"",
      ""symbols_seen"": [""Gray Rectangle with Dividers""]
    },
    {
      ""type"": ""Balcony"",
      ""relative_size"": ""small"",
      ""symbols_seen"": []
    },
    {
      ""type"": ""Kitchen"",
      ""relative_size"": ""medium"",
      ""symbols_seen"": [""Blue Circle"", ""Blue Rectangle with Dot""]
    },
    {
      ""type"": ""Guest Bedroom"",
      ""relative_size"": ""medium"",
      ""symbols_seen"": [""Gray Rectangle with Pillows""]
    },
    {
      ""type"": ""Bedroom"",
      ""relative_size"": ""medium"",
      ""symbols_seen"": [""Gray Rectangle with Pillows""]
    }
  ],
  ""mystery_room_audit"": {
    ""symbols"": [""Blue Oval""],
    ""size_assessment"": ""small"",
    ""anomalies"": []
  },
  ""architectural_logic_score"": 9
}
```",bathroom,bathroom,"**Final Answer:** The final answer is { ""final_room_type"": ""Bathroom"", ""verification_status"": ""confirmed"", ""final_reasoning"": ""The presence of a toilet symbol and the room's size are consistent with typical bathroom characteristics."" }",True
0c2d1fce-2183-42e6-8dd1-16c4683a8315,normal,,living_room,"**Step 1: Cataloging**

The floorplan has the following labeled rooms:

*   Balcony (medium)
*   Bathroom (small)
*   Bedroom (large)
*   Kitchen (medium)
*   Office (medium)

**Step 2: Mystery Room Audit**

Upon close inspection of the unlabeled room, we can see that it contains a Blue Oval symbol, indicating the presence of a toilet. Additionally, there is a Blue Circle symbol, which represents a sink. These symbols suggest that this room is likely a bathroom.

**Step 3: Anomalies**

There are no apparent unrealistic proportions in the floorplan. The sizes of the rooms seem reasonable for their respective purposes.

**Final Answer:**

```json
{
  ""room_catalog"": [
    {
      ""type"": ""Balcony"",
      ""relative_size"": ""medium"",
      ""symbols_seen"": []
    },
    {
      ""type"": ""Bathroom"",
      ""relative_size"": ""small"",
      ""symbols_seen"": [""Blue Oval"", ""Blue Circle""]
    },
    {
      ""type"": ""Bedroom"",
      ""relative_size"": ""large"",
      ""symbols_seen"": [""Gray Rectangle with Pillows""]
    },
    {
      ""type"": ""Kitchen"",
      ""relative_size"": ""medium"",
      ""symbols_seen"": [""Blue Rectangle with Dot"", ""Blue Circle""]
    },
    {
      ""type"": ""Office"",
      ""relative_size"": ""medium"",
      ""symbols_seen"": []
    }
  ],
  ""mystery_room_audit"": {
    ""symbols"": [""Blue Oval"", ""Blue Circle""],
    ""size_assessment"": ""The mystery room's size is comparable to a typical bathroom."",
    ""anomalies"": []
  },
  ""architectural_logic_score"": 9
}
```

The architectural logic score is 9 out of 10, indicating that the floorplan appears to be well-designed and functional, with no major anomalies or unrealistic proportions.",bathroom,bathroom,"**Final Answer:** 

{ ""final_room_type"": ""Bathroom"", ""verification_status"": ""confirmed"", ""final_reasoning"": ""The room's size and the presence of a toilet and sink symbols confirm it as a bathroom."" }",False
af019e96-5372-4ca5-97ba-10ad7e7e6056,normal,,living_room,"**Step 1: Cataloging**

Based on the provided floor plan, we can identify and catalog the labeled rooms as follows:

*   Kitchen: Medium
*   Bathroom: Small
*   Office: Small
*   Guest Bedroom: Medium
*   Bedroom: Medium

These rooms are identified by their respective symbols: blue circles for sinks, blue ovals for toilets, blue rectangles with dots for stoves, and gray rectangles with pillows for beds.

**Step 2: Mystery Room Audit**

Upon closer inspection of the unlabeled room, we observe the following symbols:

*   A blue circle, indicating a sink
*   A blue rectangle with a dot, indicating a stove

Given these symbols, it is reasonable to deduce that this room is likely the kitchen. The presence of both a sink and a stove aligns with the typical features found in kitchens.

**Step 3: Anomalies**

Upon reviewing the floor plan, there do not appear to be any unrealistic proportions among the labeled rooms. Each room's size seems appropriate for its intended purpose.

**Conclusion**

Based on the cataloging of labeled rooms, the mystery room audit, and the absence of anomalies, we can conclude that the mystery room is indeed the kitchen. This conclusion is supported by the presence of a sink and a stove, which are characteristic features of kitchens.

**Final Answer**

The final answer is:

{ ""room_catalog"": [ {""type"": ""Kitchen"", ""relative_size"": ""medium"", ""symbols_seen"": [""blue circle"", ""blue rectangle with dot""]}, {""type"": ""Bathroom"", ""relative_size"": ""small"", ""symbols_seen"": [""blue oval""]}, {""type"": ""Office"", ""relative_size"": ""small"", ""symbols_seen"": []}, {""type"": ""Guest Bedroom"", ""relative_size"": ""medium"", ""symbols_seen"": [""gray rectangle with pillows""]}, {""type"": ""Bedroom"", ""relative_size"": ""medium"", ""symbols_seen"": [""gray rectangle with pillows""]} ], ""mystery_room_audit"": { ""symbols"": [""blue circle"", ""blue rectangle with dot""], ""size_assessment"": ""consistent with typical kitchen size"", ""anomalies"": [] }, ""architectural_logic_score"": 9 }",kitchen,kitchen,"The final answer is: { ""final_room_type"": ""Kitchen"", ""verification_status"": ""confirmed"", ""final_reasoning"": ""The room has a sink and a stove, which are typical features found in kitchens."" }",False
23335471-2667-4b4b-a5e3-4192899c87af,normal,,living_room,"**Answer:**

**Step 1: Cataloging**

Here is the list of labeled rooms with their relative sizes:

* Bedroom: medium
* Balcony: small
* Kitchen: large
* Storage: small
* Guest Bedroom: medium
* Bathroom: small

**Step 2: Mystery Room Audit**

The unlabeled room has a Blue Circle symbol, indicating it is a sink. The room's size appears to be medium, which is consistent with a typical bathroom size.

**Step 3: Anomalies**

There are no unrealistic proportions in the floorplan. All rooms seem to have reasonable sizes compared to their types.

**Final Answer**

```
{
  ""room_catalog"": [
    {""type"": ""Bedroom"", ""relative_size"": ""medium"", ""symbols_seen"": [""Gray Rectangle with Pillow""]},
    {""type"": ""Balcony"", ""relative_size"": ""small"", ""symbols_seen"": []},
    {""type"": ""Kitchen"", ""relative_size"": ""large"", ""symbols_seen"": [""Blue Rectangle with Dot"", ""Blue Circle""]},
    {""type"": ""Storage"", ""relative_size"": ""small"", ""symbols_seen"": []},
    {""type"": ""Guest Bedroom"", ""relative_size"": ""medium"", ""symbols_seen"": [""Gray Rectangle with Pillow""]},
    {""type"": ""Bathroom"", ""relative_size"": ""small"", ""symbols_seen"": [""Blue Oval"", ""Blue Circle""]}
  ],
  ""mystery_room_audit"": {
    ""symbols"": [""Blue Circle""],
    ""size_assessment"": ""medium, consistent with a typical bathroom size"",
    ""anomalies"": []
  },
  ""architectural_logic_score"": 9
}
```",bedroom,bedroom,"**Final Answer:** 

{ ""final_room_type"": ""Bathroom"", ""verification_status"": ""confirmed"", ""final_reasoning"": ""The presence of a sink and its adjacency to the Guest Bedroom logically support this conclusion."" }",False
7bee7c44-03a1-49dc-ba99-0d91b4092c76,adversarial,size_mismatch,kitchen,"**Step 1: Cataloging**

Based on the provided floorplan, we can identify the following labeled rooms:

*   Bathroom
*   Office
*   Guest Bedroom
*   Balcony
*   Living Room
*   Bedroom

**Step 2: Mystery Room Audit**

Upon examining the unlabeled room, we notice the presence of a blue circle (sink) and a blue rectangle with a dot (stove). These symbols are commonly found in kitchens. The size of the mystery room appears to be moderate, comparable to typical kitchen sizes.

**Step 3: Anomalies**

No unrealistic proportions are observed in the floorplan. All rooms seem to have reasonable sizes relative to their functions.

**Conclusion**

Given the symbols present in the mystery room and its moderate size, it is likely that the mystery room is a kitchen. The presence of a sink and stove further supports this conclusion.

**Final Answer**

```json
{
    ""room_catalog"": [
        {""type"": ""Bathroom"", ""relative_size"": ""medium"", ""symbols_seen"": [""Blue Oval""]},
        {""type"": ""Office"", ""relative_size"": ""large"", ""symbols_seen"": []},
        {""type"": ""Guest Bedroom"", ""relative_size"": ""medium"", ""symbols_seen"": [""Gray Rectangle with Pillows""]},
        {""type"": ""Balcony"", ""relative_size"": ""small"", ""symbols_seen"": []},
        {""type"": ""Living Room"", ""relative_size"": ""large"", ""symbols_seen"": [""Gray Rectangle with Dividers""]},
        {""type"": ""Bedroom"", ""relative_size"": ""medium"", ""symbols_seen"": [""Gray Rectangle with Pillows""]}
    ],
    ""mystery_room_audit"": {
        ""symbols"": [""Blue Circle"", ""Blue Rectangle with Dot""],
        ""size_assessment"": ""moderate, comparable to typical kitchen sizes"",
        ""anomalies"": []
    },
    ""architectural_logic_score"": 9
}
```",kitchen,kitchen,"**Final Answer:** { ""final_room_type"": ""Kitchen"", ""verification_status"": ""confirmed"", ""final_reasoning"": ""The presence of a sink and stove in the mystery room, along with its moderate size comparable to typical kitchen sizes, definitively confirms that the mystery room is a kitchen."" }",True
aa510973-d910-467f-bdfe-f83b518bc9c1,adversarial,size_mismatch,living_room,"**Answer:** 

```
{
  ""room_catalog"": [
    {
      ""type"": ""Storage"",
      ""relative_size"": ""medium"",
      ""symbols_seen"": []
    },
    {
      ""type"": ""Bathroom"",
      ""relative_size"": ""small"",
      ""symbols_seen"": [""Blue Oval"", ""Blue Circle""]
    },
    {
      ""type"": ""Bedroom"",
      ""relative_size"": ""large"",
      ""symbols_seen"": [""Gray Rectangle with Pillows""]
    },
    {
      ""type"": ""Office"",
      ""relative_size"": ""medium"",
      ""symbols_seen"": []
    },
    {
      ""type"": ""Kitchen"",
      ""relative_size"": ""medium"",
      ""symbols_seen"": [""Blue Rectangle with Dot"", ""Blue Circle""]
    }
  ],
  ""mystery_room_audit"": {
    ""symbols"": [""Gray Rectangle with Dividers""],
    ""size_assessment"": ""The mystery room's size is comparable to a typical Living Room."",
    ""anomalies"": []
  },
  ""architectural_logic_score"": 8
}
```

**Explanation:**

The room catalog lists each labeled room with its relative size and any symbols present. The mystery room audit focuses on the unlabeled room, identifying the Gray Rectangle with Dividers symbol, which is typical of a Living Room. The size assessment concludes that the mystery room's size is comparable to a typical Living Room. No anomalies are detected in the architectural logic of the floorplan. The overall architectural logic score is 8 out of 10, indicating a well-designed and functional layout.",living_room,living_room,"**Final Answer:** { ""final_room_type"": ""Living Room"", ""verification_status"": ""confirmed"", ""final_reasoning"": ""The Gray Rectangle with Dividers symbol and the comparable size to a typical Living Room logically align with the surrounding context, confirming the prediction as a Living Room."" }",True
7aa5b44f-2f16-4a5a-8da4-cc49d652538a,adversarial,size_mismatch,bedroom,"**Step 1: Cataloging**

The labeled rooms in the floorplan are:

* Office (medium)
* Storage (large)
* Balcony (medium)
* Bathroom (medium)

**Step 2: Mystery Room Audit**

The mystery room is located at the top left corner of the floorplan. It contains a blue rectangle with a dot, indicating a stove, and a blue circle, indicating a sink.

**Step 3: Anomalies**

There are no unrealistic proportions in the floorplan. The sizes of the rooms appear to be reasonable for their respective purposes.

**Answer:**

```
{
  ""room_catalog"": [
    {""type"": ""Office"", ""relative_size"": ""medium"", ""symbols_seen"": []},
    {""type"": ""Storage"", ""relative_size"": ""large"", ""symbols_seen"": []},
    {""type"": ""Balcony"", ""relative_size"": ""medium"", ""symbols_seen"": []},
    {""type"": ""Bathroom"", ""relative_size"": ""medium"", ""symbols_seen"": [""blue oval""]}
  ],
  ""mystery_room_audit"": {
    ""symbols"": [""blue rectangle with dot"", ""blue circle""],
    ""size_assessment"": ""The mystery room appears to be a reasonable size for a kitchen, given the presence of a stove and sink."",
    ""anomalies"": []
  },
  ""architectural_logic_score"": 9
}
```",kitchen,kitchen,"**Final Answer:** 

{ ""final_room_type"": ""Kitchen"", ""verification_status"": ""confirmed"", ""final_reasoning"": ""The presence of a stove and a sink in the mystery room strongly supports the prediction that it is a kitchen."" }",False
e40c36b2-8ba0-4207-87fc-c8619a1642f0,adversarial,size_mismatch,bathroom,"**Answer:** 

```json
{
    ""room_catalog"": [
        {
            ""type"": ""Kitchen"",
            ""relative_size"": ""medium"",
            ""symbols_seen"": [""Blue Circle"", ""Blue Rectangle with Dot""]
        },
        {
            ""type"": ""Office"",
            ""relative_size"": ""large"",
            ""symbols_seen"": []
        },
        {
            ""type"": ""Bedroom"",
            ""relative_size"": ""medium"",
            ""symbols_seen"": [""Gray Rectangle with Pillow""]
        },
        {
            ""type"": ""Guest Bedroom"",
            ""relative_size"": ""small"",
            ""symbols_seen"": [""Gray Rectangle with Pillow""]
        },
        {
            ""type"": ""Storage"",
            ""relative_size"": ""large"",
            ""symbols_seen"": []
        }
    ],
    ""mystery_room_audit"": {
        ""symbols"": [""Blue Oval""],
        ""size_assessment"": ""smaller than typical bathrooms but still within a reasonable range"",
        ""anomalies"": []
    },
    ""architectural_logic_score"": ""8""
}
```

**Explanation:**

1.  **Cataloging:** The labeled rooms are Kitchen, Office, Bedroom, Guest Bedroom, and Storage. Their relative sizes are medium, large, medium, small, and large, respectively. Symbols seen in each room include Blue Circle and Blue Rectangle with Dot in the Kitchen, Gray Rectangle with Pillow in the Bedroom and Guest Bedroom, and no symbols in the Office and Storage.
2.  **Mystery Room Audit:** The mystery room contains a Blue Oval symbol, indicating it is likely a Bathroom. Its size is smaller than typical bathrooms but still within a reasonable range. No anomalies were identified.
3.  **Architectural Logic Score:** Based on the analysis, the architectural logic score is 8 out of 10. The floor plan appears well-organized, with rooms logically placed and proportional in size. However, the mystery room's smaller size compared to typical bathrooms deducts two points from the score.",bathroom,bathroom,"**Final Answer:**

* **Prediction:** Bathroom
* **Verification Status:** Confirmed
* **Final Reasoning:** The presence of the Blue Oval symbol and the room's size, despite being smaller than typical bathrooms, logically point towards it being a Bathroom. This conclusion aligns with standard architectural symbols and space allocation practices.",True
43b9da34-8057-47e7-8cee-464724e0fc6e,adversarial,size_mismatch,living_room,"**Step 1: Cataloging**

The floorplan contains the following labeled rooms:

*   Bedroom (medium)
*   Kitchen (medium)
*   Office (small)
*   Storage (medium)
*   Bathroom (medium)
*   Balcony (large)

**Step 2: Mystery Room Audit**

Upon close inspection of the unlabeled room, we observe the presence of a blue circle, indicating a sink. This suggests that the mystery room is likely a bathroom or kitchen.

**Step 3: Anomalies**

There are no apparent unrealistic proportions in the floorplan. However, the mystery room appears to be slightly larger than the typical size of a bathroom or kitchen.

**Response in JSON Format**

```json
{
    ""room_catalog"": [
        {
            ""type"": ""Bedroom"",
            ""relative_size"": ""medium"",
            ""symbols_seen"": [""Gray Rectangle with Pillows""]
        },
        {
            ""type"": ""Kitchen"",
            ""relative_size"": ""medium"",
            ""symbols_seen"": [""Blue Rectangle with Dot"", ""Blue Circle""]
        },
        {
            ""type"": ""Office"",
            ""relative_size"": ""small"",
            ""symbols_seen"": []
        },
        {
            ""type"": ""Storage"",
            ""relative_size"": ""medium"",
            ""symbols_seen"": []
        },
        {
            ""type"": ""Bathroom"",
            ""relative_size"": ""medium"",
            ""symbols_seen"": [""Blue Oval"", ""Blue Circle""]
        },
        {
            ""type"": ""Balcony"",
            ""relative_size"": ""large"",
            ""symbols_seen"": []
        }
    ],
    ""mystery_room_audit"": {
        ""symbols"": [""Blue Circle""],
        ""size_assessment"": ""slightly larger than typical bathroom or kitchen"",
        ""anomalies"": []
    },
    ""architectural_logic_score"": 8
}
```

**Answer**: The mystery room is likely a bathroom or kitchen, and it appears to be slightly larger than typical. The floorplan does not exhibit any unrealistic proportions, and the architectural logic score is 8 out of 10.",utility_room,utility_room,"**Final Answer:** The final answer is { ""final_room_type"": ""Utility Room"", ""verification_status"": ""confirmed"", ""final_reasoning"": ""The presence of a sink in the mystery room, combined with its slightly larger size than typical bathrooms or kitchens, and the existing labels for both kitchen and bathroom, suggests that the mystery room is likely a utility room."" }. I hope it is correct.",False
3234cb8d-4276-4913-9da4-d9cc54d89ace,adversarial,size_mismatch,bathroom,"**Step 1: Cataloging**

*   The labeled rooms are:
    *   Storage
    *   Office
    *   Bedroom
    *   Guest Bedroom

**Step 2: Mystery Room Audit**

*   The mystery room is located between the Storage and Office rooms.
*   It contains a blue circle, which represents a sink.
*   The size of the mystery room is medium.

**Step 3: Anomalies**

*   There are no unrealistic proportions in the floor plan.

**Answer:** 

```
{
    ""room_catalog"": [
        {
            ""type"": ""Storage"",
            ""relative_size"": ""large"",
            ""symbols_seen"": []
        },
        {
            ""type"": ""Office"",
            ""relative_size"": ""medium"",
            ""symbols_seen"": []
        },
        {
            ""type"": ""Bedroom"",
            ""relative_size"": ""medium"",
            ""symbols_seen"": [""Gray Rectangle with Pillows""]
        },
        {
            ""type"": ""Guest Bedroom"",
            ""relative_size"": ""medium"",
            ""symbols_seen"": [""Gray Rectangle with Pillows""]
        }
    ],
    ""mystery_room_audit"": {
        ""symbols"": [""Blue Circle""],
        ""size_assessment"": ""The size of the mystery room is consistent with typical bathrooms."",
        ""anomalies"": []
    },
    ""architectural_logic_score"": 9
}
```",bathroom,bathroom,"Based on the analysis, the mystery room is most likely a bathroom due to the presence of a blue circle representing a sink. This conclusion is supported by the room's medium size, which is consistent with typical bathroom dimensions. Additionally, the location of the mystery room between the Storage and Office rooms aligns with common architectural practices where bathrooms are often placed near or between other rooms for convenience and accessibility.

**Answer:** { ""final_room_type"": ""Bathroom"", ""verification_status"": ""confirmed"", ""final_reasoning"": ""The presence of a blue circle representing a sink, combined with the room's medium size and strategic location, strongly supports the conclusion that the mystery room is a bathroom."" }",True
ef6a0030-f7ae-461f-9dd0-f1e5895048de,adversarial,size_mismatch,bathroom,"**Step 1: Cataloging**

The labeled rooms are:

*   Storage
*   Office
*   Guest Bedroom
*   Bedroom
*   Kitchen

**Step 2: Mystery Room Audit**

The unlabeled room contains a Blue Circle (Sink) and a Blue Rectangle with a Dot (Stove). This suggests that the mystery room is likely a Kitchen.

**Step 3: Anomalies**

There are no unrealistic proportions in the floor plan. All rooms appear to be proportionate to their intended use.

**Response in JSON format:**

```json
{
    ""room_catalog"": [
        {
            ""type"": ""Storage"",
            ""relative_size"": ""large"",
            ""symbols_seen"": []
        },
        {
            ""type"": ""Office"",
            ""relative_size"": ""medium"",
            ""symbols_seen"": []
        },
        {
            ""type"": ""Guest Bedroom"",
            ""relative_size"": ""small"",
            ""symbols_seen"": [""Gray Rectangle with Pillows""]
        },
        {
            ""type"": ""Bedroom"",
            ""relative_size"": ""medium"",
            ""symbols_seen"": [""Gray Rectangle with Pillows""]
        },
        {
            ""type"": ""Kitchen"",
            ""relative_size"": ""medium"",
            ""symbols_seen"": [""Blue Circle"", ""Blue Rectangle with Dot""]
        }
    ],
    ""mystery_room_audit"": {
        ""symbols"": [""Blue Circle"", ""Blue Rectangle with Dot""],
        ""size_assessment"": ""The mystery room's size is comparable to the labeled Kitchen."",
        ""anomalies"": []
    },
    ""architectural_logic_score"": 8
}
```",kitchen,kitchen,"**Final Confirmation**

*   **Final Room Type:** Kitchen
*   **Verification Status:** Confirmed
*   **Final Reasoning:** The presence of a sink and stove in the unlabeled room confirms it as a kitchen, despite the existing labeled kitchen. This suggests either a second kitchen or a kitchenette, which is plausible given the layout and symbols used.",False
382766d7-922a-4fc6-88f0-bc61f4413076,adversarial,size_mismatch,bedroom,"### Room Catalog

*   **Bathroom**
    *   Relative size: medium
    *   Symbols seen: blue oval (toilet), blue circle (sink)
*   **Office**
    *   Relative size: large
    *   Symbols seen: none
*   **Guest Bedroom**
    *   Relative size: medium
    *   Symbols seen: gray rectangle with pillows (bed)
*   **Storage**
    *   Relative size: large
    *   Symbols seen: none

### Mystery Room Audit

*   **Symbols**: blue circle (sink), blue rectangle with dots (stove)
*   **Size assessment**: The mystery room is of a medium size, which is consistent with typical kitchen sizes.
*   **Anomalies**: None observed.

### Architectural Logic Score

Based on the provided information and symbols, the mystery room appears to be a kitchen, as indicated by the presence of a sink and stove. The relative size of the room is consistent with typical kitchen sizes. No anomalies were observed in the room's layout or symbols.

**Answer**: 

{ ""room_catalog"": [ {""type"": ""Bathroom"", ""relative_size"": ""medium"", ""symbols_seen"": [""blue oval"", ""blue circle""]}, {""type"": ""Office"", ""relative_size"": ""large"", ""symbols_seen"": []}, {""type"": ""Guest Bedroom"", ""relative_size"": ""medium"", ""symbols_seen"": [""gray rectangle with pillows""]}, {""type"": ""Storage"", ""relative_size"": ""large"", ""symbols_seen"": []} ], ""mystery_room_audit"": { ""symbols"": [""blue circle"", ""blue rectangle with dots""], ""size_assessment"": ""consistent with typical kitchen sizes"", ""anomalies"": [] }, ""architectural_logic_score"": 8 }",kitchen,kitchen,"Based on the analysis, the mystery room is likely a kitchen due to the presence of a sink and stove, and its medium size is consistent with typical kitchen sizes. The architectural logic score of 8 supports this conclusion, as the room's layout and symbols are consistent with the expected features of a kitchen, and there are no observed anomalies that would contradict this conclusion.

**Final Confirmation:**
The prediction of the mystery room being a kitchen is confirmed, as the room contains a sink and stove, which are typical fixtures found in kitchens. The room's medium size also aligns with the expected size of a kitchen. Therefore, the final answer is:

**Final Answer:** The final answer is Kitchen. I hope it is correct.",False
587c63c7-7c51-469b-8bfb-7ac0ccd5bcf3,adversarial,size_mismatch,office,"**Step 1: Cataloging**

*   **Bathroom**: Medium
*   **Kitchen**: Medium
*   **Bedroom**: Medium
*   **Storage**: Large
*   **Balcony**: Medium

**Step 2: Mystery Room Audit**

*   The mystery room contains a blue circle, indicating it is a bathroom.

**Step 3: Anomalies**

*   There are no unrealistic proportions in the floor plan.

**Answer:**

```json
{
    ""room_catalog"": [
        {
            ""type"": ""Bathroom"",
            ""relative_size"": ""medium"",
            ""symbols_seen"": [""Blue Oval"", ""Blue Circle""]
        },
        {
            ""type"": ""Kitchen"",
            ""relative_size"": ""medium"",
            ""symbols_seen"": [""Blue Rectangle with Dot"", ""Blue Circle""]
        },
        {
            ""type"": ""Bedroom"",
            ""relative_size"": ""medium"",
            ""symbols_seen"": [""Gray Rectangle with Pillows""]
        },
        {
            ""type"": ""Storage"",
            ""relative_size"": ""large"",
            ""symbols_seen"": []
        },
        {
            ""type"": ""Balcony"",
            ""relative_size"": ""medium"",
            ""symbols_seen"": []
        }
    ],
    ""mystery_room_audit"": {
        ""symbols"": [""Blue Circle""],
        ""size_assessment"": ""The size of the mystery room is comparable to typical bathrooms."",
        ""anomalies"": []
    },
    ""architectural_logic_score"": 10
}
```",storage,storage,"The final answer is: { ""final_room_type"": ""Bathroom"", ""verification_status"": ""confirmed"", ""final_reasoning"": ""The presence of a blue circle in the mystery room indicates it is a bathroom."" }",False
cc9c0006-6291-419d-95eb-16b49153b962,adversarial,size_mismatch,bedroom,"**Step 1: Cataloging**

*   **Room Catalog**
    *   **Storage**: Medium
    *   **Balcony**: Large
    *   **Kitchen**: Medium
    *   **Guest Bedroom**: Medium
    *   **Bathroom**: Medium

**Step 2: Mystery Room Audit**

*   **Mystery Room Audit**
    *   **Symbols**: Blue Oval (Toilet), Blue Circle (Sink)
    *   **Size Assessment**: The mystery room is of medium size, which is typical for a bathroom.
    *   **Anomalies**: None

**Step 3: Architectural Logic Score**

*   **Architectural Logic Score**: 8/10

**Conclusion**

The mystery room is identified as a bathroom due to the presence of a toilet and sink. The room's size is consistent with typical bathroom sizes. There are no anomalies detected in the floor plan.

**JSON Response**

```json
{
    ""room_catalog"": [
        {""type"": ""Storage"", ""relative_size"": ""medium"", ""symbols_seen"": []},
        {""type"": ""Balcony"", ""relative_size"": ""large"", ""symbols_seen"": []},
        {""type"": ""Kitchen"", ""relative_size"": ""medium"", ""symbols_seen"": [""Blue Rectangle with Dot""]},
        {""type"": ""Guest Bedroom"", ""relative_size"": ""medium"", ""symbols_seen"": [""Gray Rectangle with Pillows""]},
        {""type"": ""Bathroom"", ""relative_size"": ""medium"", ""symbols_seen"": [""Blue Oval"", ""Blue Circle""]}
    ],
    ""mystery_room_audit"": {
        ""symbols"": [""Blue Oval"", ""Blue Circle""],
        ""size_assessment"": ""typical for a bathroom"",
        ""anomalies"": []
    },
    ""architectural_logic_score"": 8
}
```",bathroom,bathroom,**Final Answer:** The final answer is Bathroom. I hope it is correct.,False
25e7c60e-bd82-4d75-aba6-b1751d1b18b3,adversarial,size_mismatch,living_room,"**Step 1: Cataloging**

To catalog the rooms, we need to list every labeled room and focus on their relative sizes.

*   Office: medium
*   Kitchen: medium
*   Bedroom: medium
*   Guest Bedroom: small
*   Bathroom: medium
*   Storage: large

**Step 2: Mystery Room Audit**

To perform the mystery room audit, we need to look closely at the unlabeled room. Do you see any blue or gray symbols?

*   The mystery room has a blue circle, which represents a sink. This suggests that the mystery room is likely a bathroom or kitchen.
*   The mystery room also has a blue rectangle with a dot, which represents a stove. This suggests that the mystery room is likely a kitchen.

**Step 3: Anomalies**

To identify anomalies, we need to check for unrealistic proportions.

*   The storage room is quite large compared to the other rooms. This could be an anomaly, but it's not uncommon for storage rooms to be larger than other rooms in a house.
*   The guest bedroom is relatively small compared to the other bedrooms. This could be an anomaly, but it's not uncommon for guest bedrooms to be smaller than other bedrooms in a house.

**Conclusion**

Based on the cataloging, mystery room audit, and anomaly detection, we can conclude that:

*   The mystery room is likely a kitchen or bathroom.
*   The storage room is quite large, but this may not be an anomaly.
*   The guest bedroom is relatively small, but this may not be an anomaly.

**JSON Format**

Here is the conclusion in JSON format:

```json
{
    ""room_catalog"": [
        {
            ""type"": ""Office"",
            ""relative_size"": ""medium"",
            ""symbols_seen"": []
        },
        {
            ""type"": ""Kitchen"",
            ""relative_size"": ""medium"",
            ""symbols_seen"": [""blue rectangle with dot""]
        },
        {
            ""type"": ""Bedroom"",
            ""relative_size"": ""medium"",
            ""symbols_seen"": [""gray rectangle with pillows""]
        },
        {
            ""type"": ""Guest Bedroom"",
            ""relative_size"": ""small"",
            ""symbols_seen"": [""gray rectangle with pillows""]
        },
        {
            ""type"": ""Bathroom"",
            ""relative_size"": ""medium"",
            ""symbols_seen"": [""blue circle"", ""blue oval""]
        },
        {
            ""type",bathroom,bathroom,"**Final Answer:** { ""final_room_type"": ""Bathroom"", ""verification_status"": ""confirmed"", ""final_reasoning"": ""The blue circle, representing a sink, and its proximity to the kitchen and office logically align with the prediction that the mystery room is a bathroom."" }",False
dd73d33a-5b92-49c6-bc6d-2adfb751a2b6,adversarial,size_mismatch,bathroom,"### Cataloging

* **Guest Bedroom**: Medium
* **Balcony**: Large
* **Bedroom**: Small
* **Storage**: Large

### Mystery Room Audit

* **Symbols**: Blue Circle (Sink)
* **Size Assessment**: Medium (typical for a bathroom)
* **Anomalies**: None

### Architectural Logic Score

9/10",bathroom,bathroom,"**Final Confirmation**

* **Final Room Type**: Bathroom
* **Verification Status**: Confirmed
* **Final Reasoning**: The presence of a blue circle symbol, medium size, and lack of anomalies suggest that the mystery room is a bathroom.

The final answer is: **{ ""final_room_type"": ""Bathroom"", ""verification_status"": ""confirmed"", ""final_reasoning"": ""The presence of a blue circle symbol, medium size, and lack of anomalies suggest that the mystery room is a bathroom."" }**",True
c5f01c78-f276-48d3-b9ff-b7587c5c9f9d,adversarial,size_mismatch,bedroom,"**Step 1: Cataloging**

The labeled rooms in the floorplan are:

*   Bathroom
*   Balcony
*   Storage
*   Office
*   Kitchen

**Step 2: Mystery Room Audit**

Upon examining the unlabeled room, we observe the following symbols:

*   Blue Oval (Toilet)
*   Blue Circle (Sink)

Based on these symbols, it appears that the mystery room is likely a Bathroom.

**Step 3: Anomalies**

Upon reviewing the floorplan, there do not appear to be any unrealistic proportions among the labeled rooms. However, the mystery room's size is relatively small compared to typical bathrooms, which could be considered an anomaly.

**Answer**

{ ""room_catalog"": [ {""type"": ""Bathroom"", ""relative_size"": ""medium"", ""symbols_seen"": [""Blue Oval"", ""Blue Circle""]}, {""type"": ""Balcony"", ""relative_size"": ""large"", ""symbols_seen"": []}, {""type"": ""Storage"", ""relative_size"": ""large"", ""symbols_seen"": []}, {""type"": ""Office"", ""relative_size"": ""small"", ""symbols_seen"": []}, {""type"": ""Kitchen"", ""relative_size"": ""medium"", ""symbols_seen"": [""Blue Rectangle with Dot""]} ], ""mystery_room_audit"": { ""symbols"": [""Blue Oval"", ""Blue Circle""], ""size_assessment"": ""smaller than typical bathrooms"", ""anomalies"": [""small size""] }, ""architectural_logic_score"": ""8"" }",bathroom,bathroom,"The final answer is: 

{ ""final_room_type"": ""Bathroom"", ""verification_status"": ""confirmed"", ""final_reasoning"": ""The room contains symbols consistent with a bathroom, including a toilet and sink, and its size is reasonable for a bathroom."" }",False
855bb9f1-a9e9-4e57-a2ed-bf6db2153458,adversarial,size_mismatch,living_room,"**Answer:**

{
  ""room_catalog"": [
    {""type"": ""Bathroom"", ""relative_size"": ""small"", ""symbols_seen"": [""Blue Ovals"", ""Blue Circles""]},
    {""type"": ""Bedroom"", ""relative_size"": ""medium"", ""symbols_seen"": [""Gray Rectangles with Pillows""]},
    {""type"": ""Kitchen"", ""relative_size"": ""medium"", ""symbols_seen"": [""Blue Circles"", ""Blue Rectangles with Dots""]},
    {""type"": ""Office"", ""relative_size"": ""small"", ""symbols_seen"": []},
    {""type"": ""Storage"", ""relative_size"": ""large"", ""symbols_seen"": []}
  ],
  ""mystery_room_audit"": {
    ""symbols"": [""Blue Rectangles with Dots""],
    ""size_assessment"": ""It's larger than the Bathroom but smaller than the Bedroom and Kitchen."",
    ""anomalies"": [""The room seems to be missing a sink, which is typically found in kitchens.""]
  },
  ""architectural_logic_score"": 8
}

**Explanation:**

*   The room catalog lists each labeled room along with their relative sizes and the symbols found within them.
*   The mystery room audit reveals that the unlabeled room contains a Blue Rectangle with a Dot, indicating it is likely a Kitchen. However, it lacks a Blue Circle, which is typically present in kitchens to represent a sink. This absence is noted as an anomaly.
*   The architectural logic score is 8 out of 10, suggesting that while the floor plan generally follows logical architectural principles, there are some inconsistencies or missing elements that detract from its overall coherence.",kitchen,kitchen,"**Final Answer:** { ""final_room_type"": ""Kitchen"", ""verification_status"": ""confirmed"", ""final_reasoning"": ""The room is confirmed to be a kitchen based on the presence of a Blue Rectangle with a Dot, which is a symbol typically found in kitchens, despite the anomaly of missing a sink represented by a Blue Circle."" }",False
3bffcece-faaf-4a8e-945a-b3f0b7095740,adversarial,size_mismatch,bathroom,"**Step 1: Cataloging**

The floorplan features the following labeled rooms:

*   Office (medium)
*   Bedroom (small)
*   Guest Bedroom (small)
*   Balcony (medium)

**Step 2: Mystery Room Audit**

Upon examining the unlabeled room, we observe a Blue Oval symbol, indicating a Toilet, and a Blue Circle symbol, signifying a Sink. These symbols are typically found in Bathrooms.

**Step 3: Anomalies**

There are no apparent unrealistic proportions in the floorplan. However, it is worth noting that the presence of a Balcony adjacent to the Bathroom might be considered unusual in some architectural designs.

**Answer:** 

```json
{
  ""room_catalog"": [
    {
      ""type"": ""Office"",
      ""relative_size"": ""medium"",
      ""symbols_seen"": []
    },
    {
      ""type"": ""Bedroom"",
      ""relative_size"": ""small"",
      ""symbols_seen"": [""Gray Rectangle with Pillows""]
    },
    {
      ""type"": ""Guest Bedroom"",
      ""relative_size"": ""small"",
      ""symbols_seen"": [""Gray Rectangle with Pillows""]
    },
    {
      ""type"": ""Balcony"",
      ""relative_size"": ""medium"",
      ""symbols_seen"": []
    }
  ],
  ""mystery_room_audit"": {
    ""symbols"": [""Blue Oval"", ""Blue Circle""],
    ""size_assessment"": ""The mystery room's size is comparable to typical bathrooms."",
    ""anomalies"": [""Adjacent Balcony""]
  },
  ""architectural_logic_score"": 8
}
```",bathroom,bathroom,"**Final Confirmation:**

*   **Final Room Type:** Bathroom
*   **Verification Status:** Confirmed
*   **Final Reasoning:** The presence of bathroom-specific symbols (Blue Oval for Toilet and Blue Circle for Sink) within the unlabeled room strongly suggests that it is a Bathroom, despite the unusual adjacency to the Balcony.",True
95d5014b-dc48-4217-aa70-8d7efe5dcb24,adversarial,size_mismatch,bathroom,"**Step 1: Cataloging**

*   Office: Medium
*   Guest Bedroom: Medium
*   Kitchen: Medium
*   Bedroom: Medium
*   Storage: Large

**Step 2: Mystery Room Audit**

*   The mystery room contains a blue oval symbol, indicating it is a bathroom.
*   Its size is comparable to typical bathrooms.

**Step 3: Anomalies**

*   No unrealistic proportions were observed in the floorplan.

**Answer:**

```
{
    ""room_catalog"": [
        {""type"": ""Office"", ""relative_size"": ""medium"", ""symbols_seen"": []},
        {""type"": ""Guest Bedroom"", ""relative_size"": ""medium"", ""symbols_seen"": [""Gray Rectangle with Pillows""]},
        {""type"": ""Kitchen"", ""relative_size"": ""medium"", ""symbols_seen"": [""Blue Rectangle with Dot"", ""Blue Circle""]},
        {""type"": ""Bedroom"", ""relative_size"": ""medium"", ""symbols_seen"": [""Gray Rectangle with Pillows""]},
        {""type"": ""Storage"", ""relative_size"": ""large"", ""symbols_seen"": []}
    ],
    ""mystery_room_audit"": {
        ""symbols"": [""Blue Oval""],
        ""size_assessment"": ""Comparable to typical bathrooms"",
        ""anomalies"": []
    },
    ""architectural_logic_score"": 9
}
```

The mystery room is identified as a bathroom based on the presence of a blue oval symbol. The floorplan does not exhibit any unrealistic proportions or anomalies, earning it a high architectural logic score of 9 out of 10.",bathroom,bathroom,"**Final Answer:** The final answer is { ""final_room_type"": ""Bathroom"", ""verification_status"": ""confirmed"", ""final_reasoning"": ""The blue oval symbol in the mystery room is consistent with standard architectural notation for bathrooms."" } I hope it is correct.",True
f1fa6a06-9daa-4241-aa13-9c57782752a9,adversarial,size_mismatch,bedroom,"**Step 1: Cataloging**

The following rooms are labeled in the floorplan:

*   Bathroom (small)
*   Storage (medium)
*   Balcony (small)
*   Office (medium)
*   Kitchen (small)
*   Living Room (medium)

**Step 2: Mystery Room Audit**

The mystery room is located adjacent to the balcony and appears to be a bedroom. It contains a gray rectangle with pillows, indicating the presence of a bed.

**Step 3: Anomalies**

Upon reviewing the floorplan, no unrealistic proportions or suspicious features were identified.

**Answer:** 

```json
{
    ""room_catalog"": [
        {
            ""type"": ""Bathroom"",
            ""relative_size"": ""small"",
            ""symbols_seen"": [""Blue Oval"", ""Blue Circle""]
        },
        {
            ""type"": ""Storage"",
            ""relative_size"": ""medium"",
            ""symbols_seen"": []
        },
        {
            ""type"": ""Balcony"",
            ""relative_size"": ""small"",
            ""symbols_seen"": []
        },
        {
            ""type"": ""Office"",
            ""relative_size"": ""medium"",
            ""symbols_seen"": []
        },
        {
            ""type"": ""Kitchen"",
            ""relative_size"": ""small"",
            ""symbols_seen"": [""Blue Circle"", ""Blue Rectangle with Dot""]
        },
        {
            ""type"": ""Living Room"",
            ""relative_size"": ""medium"",
            ""symbols_seen"": [""Gray Rectangle with Dividers""]
        }
    ],
    ""mystery_room_audit"": {
        ""symbols"": [""Gray Rectangle with Pillows""],
        ""size_assessment"": ""The mystery room is comparable in size to a typical bedroom."",
        ""anomalies"": []
    },
    ""architectural_logic_score"": 8
}
```",bedroom,bedroom,"**Final Answer:** { ""final_room_type"": ""Bedroom"", ""verification_status"": ""confirmed"", ""final_reasoning"": ""The presence of a bed symbol and the room's location and size suggest it is a bedroom."" }",True
e55906ed-b6c6-4ac7-a8bc-3b5bad0d1965,adversarial,size_mismatch,bedroom,"**Step 1: Cataloging**

The floorplan features the following labeled rooms:

*   Balcony (large)
*   Guest Bedroom (medium)
*   Storage (small)
*   Kitchen (medium)
*   Bathroom (medium)

**Step 2: Mystery Room Audit**

Upon examining the unlabeled room, we observe a blue circle symbol, indicating the presence of a sink. This suggests that the mystery room is likely a bathroom.

**Step 3: Anomalies**

The storage room appears to be relatively small compared to the other rooms. However, this is not uncommon in modern urban apartments where storage space is often limited.

**Conclusion**

Based on our analysis, we conclude that the mystery room is likely a bathroom due to the presence of a sink. The storage room's small size is not an anomaly but rather a common feature in modern urban apartments.

**Final Answer**

{ ""room_catalog"": [ {""type"": ""Balcony"", ""relative_size"": ""large"", ""symbols_seen"": []}, {""type"": ""Guest Bedroom"", ""relative_size"": ""medium"", ""symbols_seen"": [""Gray Rectangle with Pillows""]}, {""type"": ""Storage"", ""relative_size"": ""small"", ""symbols_seen"": []}, {""type"": ""Kitchen"", ""relative_size"": ""medium"", ""symbols_seen"": [""Blue Rectangle with Dot""]}, {""type"": ""Bathroom"", ""relative_size"": ""medium"", ""symbols_seen"": [""Blue Oval"", ""Blue Circle""]} ], ""mystery_room_audit"": { ""symbols"": [""Blue Circle""], ""size_assessment"": ""comparable to typical bathroom size"", ""anomalies"": [] }, ""architectural_logic_score"": ""8"" }",bathroom,bathroom,"The final answer is: { ""final_room_type"": ""Bathroom"", ""verification_status"": ""confirmed"", ""final_reasoning"": ""The presence of a sink in the mystery room, combined with its location near the Guest Bedroom and the Kitchen, suggests that it is likely a Bathroom."" }",False
a1ad8650-8c21-4ee5-977d-e501b5244ffc,adversarial,size_mismatch,bedroom,"**Step 1: Cataloging**

*   **Room Catalog**
    *   **Storage**: Small, no symbols
    *   **Office**: Medium, no symbols
    *   **Guest Bedroom**: Medium, Gray Rectangle with Pillows (Bed)
    *   **Bathroom**: Large, Blue Oval (Toilet), Blue Circle (Sink)

**Step 2: Mystery Room Audit**

*   **Mystery Room**
    *   Symbols: None
    *   Size Assessment: The mystery room is larger than the Guest Bedroom but smaller than the Bathroom.
    *   Anomalies: The mystery room's size is relatively large compared to typical rooms of that type, but it does not contain any symbols.

**Step 3: Architectural Logic Score**

*   **Architectural Logic Score**: 7/10

**Answer**: 

```
{
  ""room_catalog"": [
    {
      ""type"": ""Storage"",
      ""relative_size"": ""small"",
      ""symbols_seen"": []
    },
    {
      ""type"": ""Office"",
      ""relative_size"": ""medium"",
      ""symbols_seen"": []
    },
    {
      ""type"": ""Guest Bedroom"",
      ""relative_size"": ""medium"",
      ""symbols_seen"": [""Gray Rectangle with Pillows""]
    },
    {
      ""type"": ""Bathroom"",
      ""relative_size"": ""large"",
      ""symbols_seen"": [""Blue Oval"", ""Blue Circle""]
    }
  ],
  ""mystery_room_audit"": {
    ""symbols"": [],
    ""size_assessment"": ""larger than Guest Bedroom but smaller than Bathroom"",
    ""anomalies"": [""relatively large size""]
  },
  ""architectural_logic_score"": 7
}
```",living_room,living_room,"**Final Answer:** { ""final_room_type"": ""Living Room"", ""verification_status"": ""confirmed"", ""final_reasoning"": ""The room's size and lack of symbols are consistent with a living room, and the architectural logic score supports this prediction."" }",False
c6c2debb-e867-4b17-a96f-9866abf8ef01,adversarial,size_mismatch,bathroom,"### Cataloging

The following rooms are labeled in the provided floorplan:

*   **Bedroom**: Medium
*   **Kitchen**: Medium
*   **Living Room**: Medium
*   **Office**: Small
*   **Storage**: Small
*   **Balcony**: Medium

### Mystery Room Audit

Upon close examination of the unlabeled room, the following symbols are visible:

*   **Blue Oval**: Toilet
*   **Blue Circle**: Sink

Based on the presence of these symbols, it is likely that the mystery room is a bathroom. The size of the room appears to be medium, which is consistent with typical bathroom sizes.

### Anomalies

No unrealistic proportions were observed in the floorplan. However, the size of the balcony seems relatively large compared to the other rooms. This could potentially be an anomaly, but without further context, it is difficult to determine.

### Architectural Logic Score

Based on the analysis, the architectural logic score is 8 out of 10. The floorplan appears to be well-designed, with a clear layout and functional spaces. However, the large size of the balcony may be a minor anomaly that affects the overall score.

**JSON Response**

```
{
    ""room_catalog"": [
        {
            ""type"": ""Bedroom"",
            ""relative_size"": ""medium"",
            ""symbols_seen"": [""Gray Rectangle with Pillows""]
        },
        {
            ""type"": ""Kitchen"",
            ""relative_size"": ""medium"",
            ""symbols_seen"": [""Blue Rectangle with Dot"", ""Blue Circle""]
        },
        {
            ""type"": ""Living Room"",
            ""relative_size"": ""medium"",
            ""symbols_seen"": [""Gray Rectangle with Dividers""]
        },
        {
            ""type"": ""Office"",
            ""relative_size"": ""small"",
            ""symbols_seen"": []
        },
        {
            ""type"": ""Storage"",
            ""relative_size"": ""small"",
            ""symbols_seen"": []
        },
        {
            ""type"": ""Balcony"",
            ""relative_size"": ""medium"",
            ""symbols_seen"": []
        }
    ],
    ""mystery_room_audit"": {
        ""symbols"": [""Blue Oval"", ""Blue Circle""],
        ""size_assessment"": ""medium"",
        ""anomalies"": [""large balcony""]
    },
    ""architectural_logic_score"": 8
}
```",bathroom,bathroom,"The prediction is confirmed. The room is a bathroom, as indicated by the presence of a toilet and sink, and its size is consistent with typical bathroom sizes.

{ ""final_room_type"": ""Bathroom"", ""verification_status"": ""confirmed"", ""final_reasoning"": ""The presence of a toilet and sink, along with the room's medium size, logically confirms it as a bathroom."" }",True
7f7c7643-9877-41a6-a6cc-6e5d1e0e8cc6,adversarial,size_mismatch,bathroom,"**Step 1: Cataloging**

*   **Room Catalog**
    *   Office: small, no symbols
    *   Storage: medium, no symbols
    *   Bedroom: medium, gray rectangle with pillows
    *   Living Room: large, gray rectangle with dividers
    *   Kitchen: medium, blue circle, blue rectangle with dot
    *   Balcony: large, no symbols

**Step 2: Mystery Room Audit**

*   **Mystery Room Audit**
    *   Symbols: blue oval, blue circle
    *   Size Assessment: The mystery room is relatively small compared to typical bathrooms or kitchens.
    *   Anomalies: The presence of both a toilet (blue oval) and a sink (blue circle) in the same room is unusual for a kitchen but common in a bathroom. However, the room's size and layout do not strictly conform to typical bathroom dimensions or expectations.

**Step 3: Architectural Logic Score**

Given the information and analysis:

*   **Architectural Logic Score**: 7

This score reflects the room's mixed signals. While it has elements typical of both a bathroom and a kitchen, its size and layout do not perfectly align with standard architectural practices for either room type. The presence of a toilet and sink together leans more towards a bathroom, but the room's size suggests it might be intended for another purpose or is an anomaly in the floor plan.

**Final Answer**

{ ""room_catalog"": [ {""type"": ""Office"", ""relative_size"": ""small"", ""symbols_seen"": []}, {""type"": ""Storage"", ""relative_size"": ""medium"", ""symbols_seen"": []}, {""type"": ""Bedroom"", ""relative_size"": ""medium"", ""symbols_seen"": [""gray rectangle with pillows""]}, {""type"": ""Living Room"", ""relative_size"": ""large"", ""symbols_seen"": [""gray rectangle with dividers""]}, {""type"": ""Kitchen"", ""relative_size"": ""medium"", ""symbols_seen"": [""blue circle"", ""blue rectangle with dot""]}, {""type"": ""Balcony"", ""relative_size"": ""large"", ""symbols_seen"": []} ], ""mystery_room_audit"": { ""symbols"": [""blue oval"", ""blue circle""], ""size_assessment"": ""small compared to typical bathrooms or kitchens"", ""anomalies"": [""unusual combination of toilet and sink""] }, ""architectural_logic_score"": 7",bathroom,bathroom,"**Final Answer**: { ""room_catalog"": [ {""type"": ""Office"", ""relative_size"": ""small"", ""symbols_seen"": []}, {""type"": ""Storage"", ""relative_size"": ""medium"", ""symbols_seen"": []}, {""type"": ""Bedroom"", ""relative_size"": ""medium"", ""symbols_seen"": [""gray rectangle with pillows""]}, {""type"": ""Living Room"", ""relative_size"": ""large"", ""symbols_seen"": [""gray rectangle with dividers""]}, {""type"": ""Kitchen"", ""relative_size"": ""medium"", ""symbols_seen"": [""blue circle"", ""blue rectangle with dot""]}, {""type"": ""Balcony"", ""relative_size"": ""large"", ""symbols_seen"": []} ], ""mystery_room_audit"": { ""symbols"": [""blue oval"", ""blue circle""], ""size_assessment"": ""small compared to typical bathrooms or kitchens"", ""anomalies"": [""unusual combination of toilet and sink""] }, ""architectural_logic_score"": 7 Prediction: The presence of a toilet and sink in the mystery room, despite its unusual size and layout, suggests that it is likely intended to be a bathroom. FINAL CHECK: Look at the visual symbols (furniture, fixtures). - If you predicted 'Bedroom', does the room actually have a bed? - If you predicted 'Kitchen', does it have a sink/stove? - If the room is EMPTY but labeled rooms have furniture, is your prediction logically consistent with the surrounding context? Respond with a final confirmation or a corrected prediction: { ""final_room_type"": ""type"", ""verification_status"": ""confirmed/corrected"", ""final_reasoning"": ""One final sentence on why this is the definitive answer."" }",True
bcf4594c-45ad-4328-be0c-1ddc3368f5fb,adversarial,size_mismatch,kitchen,"**Step 1: Cataloging**

Based on the provided floorplan, I have identified the following labeled rooms:

*   Guest Bedroom (small)
*   Bathroom (medium)
*   Balcony (small)
*   Bedroom (medium)
*   Living Room (large)
*   Storage (large)

**Step 2: Mystery Room Audit**

Upon examining the unlabeled room, I notice the presence of a Blue Circle, indicating a sink. Additionally, there is a Blue Rectangle with a Dot, suggesting a stove. These symbols are commonly found in kitchens. The size of this room appears to be medium, which is consistent with typical kitchen sizes.

**Step 3: Anomalies**

After reviewing the floorplan, I did not identify any unrealistic proportions or anomalies that would raise concerns about the architectural logic of the design.

**Answer:**

```json
{
    ""room_catalog"": [
        {
            ""type"": ""Guest Bedroom"",
            ""relative_size"": ""small"",
            ""symbols_seen"": []
        },
        {
            ""type"": ""Bathroom"",
            ""relative_size"": ""medium"",
            ""symbols_seen"": [""Blue Oval"", ""Blue Circle""]
        },
        {
            ""type"": ""Balcony"",
            ""relative_size"": ""small"",
            ""symbols_seen"": []
        },
        {
            ""type"": ""Bedroom"",
            ""relative_size"": ""medium"",
            ""symbols_seen"": [""Gray Rectangle with Pillows""]
        },
        {
            ""type"": ""Living Room"",
            ""relative_size"": ""large"",
            ""symbols_seen"": [""Gray Rectangle with Dividers""]
        },
        {
            ""type"": ""Storage"",
            ""relative_size"": ""large"",
            ""symbols_seen"": []
        }
    ],
    ""mystery_room_audit"": {
        ""symbols"": [""Blue Circle"", ""Blue Rectangle with Dot""],
        ""size_assessment"": ""medium, consistent with typical kitchen sizes"",
        ""anomalies"": []
    },
    ""architectural_logic_score"": ""9""
}
```",storage,storage,"**Final Answer:** 

*   **Prediction:** Based on the provided floorplan, I have identified the following labeled rooms: * Guest Bedroom (small) * Bathroom (medium) * Balcony (small) * Bedroom (medium) * Living Room (large) * Storage (large) Upon examining the unlabeled room, I notice the presence of a Blue Circle, indicating a sink. Additionally, there is a Blue Rectangle with a Dot, suggesting a stove. These symbols are commonly found in kitchens. The size of this room appears to be medium, which is consistent with typical kitchen sizes. After reviewing the floorplan, I did not identify any unrealistic proportions or anomalies that would raise concerns about the architectural logic of the design.

    **Answer:**
    ```json
{
  ""room_catalog"": [
    {
      ""type"": ""Guest Bedroom"",
      ""relative_size"": ""small"",
      ""symbols_seen"": []
    },
    {
      ""type"": ""Bathroom"",
      ""relative_size"": ""medium"",
      ""symbols_seen"": [""Blue Oval"", ""Blue Circle""]
    },
    {
      ""type"": ""Balcony"",
      ""relative_size"": ""small"",
      ""symbols_seen"": []
    },
    {
      ""type"": ""Bedroom"",
      ""relative_size"": ""medium"",
      ""symbols_seen"": [""Gray Rectangle with Pillows""]
    },
    {
      ""type"": ""Living Room"",
      ""relative_size"": ""large"",
      ""symbols_seen"": [""Gray Rectangle with Dividers""]
    },
    {
      ""type"": ""Storage"",
      ""relative_size"": ""large"",
      ""symbols_seen"": []
    }
  ],
  ""mystery_room_audit"": {
    ""symbols"": [""Blue Circle"", ""Blue Rectangle with Dot""],
    ""size_assessment"": ""medium, consistent with typical kitchen sizes"",
    ""anomalies"": []
  },
  ""architectural_logic_score"": ""9""
}
```

**Prediction:** Based on the provided floorplan, I have identified the following labeled rooms: * Guest Bedroom (small) * Bathroom (medium) * Balcony (small) * Bedroom (medium) * Living Room (large) * Storage (large) Upon examining the unlabeled room, I notice the presence of a Blue Circle, indicating a sink. Additionally, there is a Blue Rectangle with a Dot, suggesting a stove. These symbols are commonly found in kitchens. The size of this room",False
67d360aa-e521-4a04-a597-4cbc227506c9,adversarial,size_mismatch,kitchen,"**Step 1: Cataloging**

The labeled rooms are:

* Bathroom
* Balcony
* Storage
* Office
* Bedroom
* Living Room

**Step 2: Mystery Room Audit**

The unlabeled room appears to be a Kitchen, as it contains a Blue Rectangle with a Dot (Stove). Its size is medium compared to typical Kitchens.

**Step 3: Anomalies**

There are no unrealistic proportions in the floorplan.

**Answer**: 

```json
{
    ""room_catalog"": [
        {""type"": ""Bathroom"", ""relative_size"": ""medium"", ""symbols_seen"": [""Blue Oval""]},
        {""type"": ""Balcony"", ""relative_size"": ""large"", ""symbols_seen"": []},
        {""type"": ""Storage"", ""relative_size"": ""large"", ""symbols_seen"": []},
        {""type"": ""Office"", ""relative_size"": ""medium"", ""symbols_seen"": []},
        {""type"": ""Bedroom"", ""relative_size"": ""medium"", ""symbols_seen"": [""Gray Rectangle with Pillow""]},
        {""type"": ""Living Room"", ""relative_size"": ""medium"", ""symbols_seen"": [""Gray Rectangle with Divider""]}
    ],
    ""mystery_room_audit"": {
        ""symbols"": [""Blue Rectangle with Dot""],
        ""size_assessment"": ""medium"",
        ""anomalies"": []
    },
    ""architectural_logic_score"": 9
}
```",kitchen,kitchen,"**Final Confirmation**

*   **Final Room Type:** Kitchen
*   **Verification Status:** Confirmed
*   **Final Reasoning:** The presence of a Blue Rectangle with Dot symbol, indicating a Stove, and the medium size of the room compared to typical kitchens, led to the conclusion that the mystery room is most likely a Kitchen.",True
10960dec-4bca-475c-a5b9-cb75859dc3de,adversarial,size_mismatch,bathroom,"Based on the provided floorplan, here is the analysis:

**Room Catalog**

*   Office: Medium
*   Living Room: Large, Gray Rectangle with Dividers (Sofa)
*   Guest Bedroom: Medium, Gray Rectangle with Pillows (Bed)
*   Kitchen: Medium, Blue Rectangle with Dot (Stove), Blue Circle (Sink)
*   Bedroom: Medium, Gray Rectangle with Pillows (Bed)
*   Balcony: Large, No symbols

**Mystery Room Audit**

*   Symbols: Blue Oval (Toilet), Blue Circle (Sink)
*   Size Assessment: The mystery room appears to be of a similar size to the Guest Bedroom and Bedroom, which are both medium-sized rooms. This suggests that the mystery room could also be a bedroom or a bathroom, given the presence of a toilet and sink.
*   Anomalies: There are no obvious anomalies in terms of room size or symbol placement.

**Architectural Logic Score**

Based on the analysis, I would give this floorplan an architectural logic score of 8 out of 10. The placement of rooms and symbols appears to be logical and consistent with typical residential floorplans. However, the presence of a toilet and sink in the mystery room raises some questions about its intended use. If it is indeed a bathroom, it would be unusual for it to be located adjacent to the kitchen and not near the bedrooms. Further investigation would be needed to determine the intended purpose of this room.

**JSON Response**

```json
{
    ""room_catalog"": [
        {""type"": ""Office"", ""relative_size"": ""medium"", ""symbols_seen"": []},
        {""type"": ""Living Room"", ""relative_size"": ""large"", ""symbols_seen"": [""Gray Rectangle with Dividers""]},
        {""type"": ""Guest Bedroom"", ""relative_size"": ""medium"", ""symbols_seen"": [""Gray Rectangle with Pillows""]},
        {""type"": ""Kitchen"", ""relative_size"": ""medium"", ""symbols_seen"": [""Blue Rectangle with Dot"", ""Blue Circle""]},
        {""type"": ""Bedroom"", ""relative_size"": ""medium"", ""symbols_seen"": [""Gray Rectangle with Pillows""]},
        {""type"": ""Balcony"", ""relative_size"": ""large"", ""symbols_seen"": []}
    ],
    ""mystery_room_audit"": {
        ""symbols"": [""Blue Oval"", ""Blue Circle""],
        ""size_assessment"": ""similar to Guest Bedroom",bathroom,bathroom,"Based on the analysis, I would give this floorplan an architectural logic score of 8 out of 10. The placement of rooms and symbols appears to be logical and consistent with typical residential floorplans. However, the presence of a toilet and sink in the mystery room raises some questions about its intended use. If it is indeed a bathroom, it would be unusual for it to be located adjacent to the kitchen and not near the bedrooms. Further investigation would be needed to determine the intended purpose of this room.

**Answer:** { ""final_room_type"": ""Bathroom"", ""verification_status"": ""confirmed"", ""final_reasoning"": ""The presence of a toilet and sink in the mystery room strongly suggests it is a bathroom, despite its unusual location adjacent to the kitchen."" }",True
42c3f4e3-20c0-4f35-9585-4e8c10ca24c4,adversarial,size_mismatch,office,"**Room Catalog**

*   Bathroom: Medium
*   Bedroom: Medium
*   Guest Bedroom: Medium
*   Kitchen: Medium
*   Storage: Large

**Mystery Room Audit**

*   Symbols: Blue Oval (Toilet), Blue Circle (Sink)
*   Size Assessment: The mystery room is smaller than the typical bathroom.
*   Anomalies: The room seems too small for a bathroom, considering the presence of a toilet and sink.

**Architectural Logic Score**

*   Score: 6/10
*   Rationale: The floor plan appears mostly logical, but the mystery room's small size and presence of bathroom fixtures raise concerns.",half-bathroom/powder_room,half-bathroom/powder_room,"**Final Confirmation**

*   **final_room_type:** Half-bathroom
*   **verification_status:** confirmed
*   **final_reasoning:** The mystery room's small size and presence of a toilet and sink are consistent with the characteristics of a half-bathroom or powder room, which is a common architectural feature in residential buildings.",False
742e3133-03c4-4709-acbd-d67de42a2298,adversarial,topological_island,bathroom,"**Step 1: Cataloging**

Based on the provided floorplan, we can identify and catalog the labeled rooms along with their relative sizes and any symbols present.

- **Bedroom**: Medium size, contains a gray rectangle with pillows (bed).
- **Kitchen**: Medium size, contains a blue rectangle with dots (stove).
- **Guest Bedroom**: Medium size, contains a gray rectangle with pillows (bed).
- **Living Room**: Large size, contains a gray rectangle with dividers (sofa).
- **Balcony**: Small size, no specific symbols.
- **Storage**: Small size, no specific symbols.

**Step 2: Mystery Room Audit**

Upon examining the unlabeled room:

- It is of medium size.
- It contains a blue circle (sink) and a blue oval (toilet).

Given these symbols, the mystery room is most likely a bathroom. The presence of a sink and toilet aligns with typical bathroom fixtures.

**Step 3: Anomalies**

- The sizes of the rooms seem realistic for a medium floorplan, with no obvious anomalies in terms of unrealistic proportions.
- The layout allows for logical movement between rooms, with no apparent architectural logic issues.

**Conclusion**

Given the information and analysis:

```json
{
  ""room_catalog"": [
    {
      ""type"": ""Bedroom"",
      ""relative_size"": ""medium"",
      ""symbols_seen"": [""Gray rectangle with pillows""]
    },
    {
      ""type"": ""Kitchen"",
      ""relative_size"": ""medium"",
      ""symbols_seen"": [""Blue rectangle with dots""]
    },
    {
      ""type"": ""Guest Bedroom"",
      ""relative_size"": ""medium"",
      ""symbols_seen"": [""Gray rectangle with pillows""]
    },
    {
      ""type"": ""Living Room"",
      ""relative_size"": ""large"",
      ""symbols_seen"": [""Gray rectangle with dividers""]
    },
    {
      ""type"": ""Balcony"",
      ""relative_size"": ""small"",
      ""symbols_seen"": []
    },
    {
      ""type"": ""Storage"",
      ""relative_size"": ""small"",
      ""symbols_seen"": []
    }
  ],
  ""mystery_room_audit"": {
    ""symbols"": [""Blue circle"", ""Blue oval""],
    ""size_assessment"": ""Medium, consistent with typical bathroom sizes"",
    ""anomalies"": []
  },
  ""architectural_logic_score"": 9
}
```

The",bathroom,bathroom,"**Final Answer:** { ""final_room_type"": ""Bathroom"", ""verification_status"": ""confirmed"", ""final_reasoning"": ""The presence of a sink and toilet within the mystery room aligns with typical bathroom fixtures, confirming the initial prediction based on the visual symbols provided."" }",True
c3b6ce9d-de70-45f5-9528-5e0a0ca64218,adversarial,topological_island,bedroom,"Based on the floorplan, here is the analysis:

**Room Catalog**

* Living Room: large, Gray Rectangle with Dividers
* Kitchen: medium, Blue Circle, Blue Rectangle with Dot
* Bathroom: small, Blue Oval, Blue Circle
* Balcony: small, no symbols
* Mystery Room: large, no symbols

**Mystery Room Audit**

* Symbols: none visible
* Size Assessment: The mystery room appears to be larger than the kitchen and bathroom, but smaller than the living room. It's possible that it could be a bedroom or another type of room.
* Anomalies: None apparent

**Architectural Logic Score**

I would give this floorplan an architectural logic score of 8 out of 10. The layout appears to be functional and makes sense for a modern urban style home. However, the mystery room is unclear, and it's not immediately apparent what its purpose is. Additionally, the balcony seems somewhat small compared to the rest of the rooms.

Overall, the floorplan appears to be well-designed and functional, but there are some minor issues that could be improved upon.",bedroom,bedroom,"**Final Answer:** { ""final_room_type"": ""Bedroom"", ""verification_status"": ""confirmed"", ""final_reasoning"": ""The room is empty but large, which is consistent with a bedroom."" }",True
ae314d21-69ab-4264-874f-f740a0f00f38,adversarial,topological_island,living_room,"**Step 1: Cataloging**

The floorplan features the following labeled rooms:

*   **Storage**: Large
*   **Office**: Medium
*   **Bedroom**: Medium
*   **Kitchen**: Medium
*   **Bathroom**: Small
*   **Balcony**: Small

**Step 2: Mystery Room Audit**

Upon examining the unlabeled room, we observe the presence of a blue rectangle with a dot, indicating a stove. This suggests that the mystery room is likely a kitchen.

**Step 3: Anomalies**

No unrealistic proportions are evident in the floorplan. The sizes of the rooms appear reasonable and consistent with typical expectations for each room type.

**Answer:** { ""room\_catalog"": [ {""type"": ""Storage"", ""relative\_size"": ""large"", ""symbols\_seen"": []}, {""type"": ""Office"", ""relative\_size"": ""medium"", ""symbols\_seen"": []}, {""type"": ""Bedroom"", ""relative\_size"": ""medium"", ""symbols\_seen"": [""Gray Rectangle with Pillows""]}, {""type"": ""Kitchen"", ""relative\_size"": ""medium"", ""symbols\_seen"": [""Blue Circle"", ""Blue Rectangle with Dot""]}, {""type"": ""Bathroom"", ""relative\_size"": ""small"", ""symbols\_seen"": [""Blue Oval"", ""Blue Circle""]}, {""type"": ""Balcony"", ""relative\_size"": ""small"", ""symbols\_seen"": []} ], ""mystery\_room\_audit"": { ""symbols"": [""Blue Rectangle with Dot""], ""size\_assessment"": ""The mystery room's size is comparable to the labeled kitchen."", ""anomalies"": [] }, ""architectural\_logic\_score"": 9 }",kitchen,kitchen,"**Final Confirmation**

After re-examining the floorplan, I confirm that my previous prediction of the unlabeled room being a kitchen is correct. The presence of a stove symbol and the comparable size to the labeled kitchen support this conclusion. Additionally, the room's location adjacent to the labeled kitchen suggests a functional relationship between the two spaces, further reinforcing the prediction.

**Final Answer**

{ ""final\_room\_type"": ""Kitchen"", ""verification\_status"": ""confirmed"", ""final\_reasoning"": ""The combination of the stove symbol, comparable size, and adjacent location to the labeled kitchen confirms the unlabeled room as a kitchen."" }",False
b830d457-99b4-4bce-92d6-53a4759ef54f,adversarial,topological_island,kitchen,"**Step 1: Cataloging**

*   List every labeled room.
*   Focus on their RELATIVE sizes.

**Step 2: Mystery Room Audit**

*   Look CLOSELY at the unlabeled room.
*   Do you see any Blue or Gray symbols?

**Step 3: Anomalies**

*   Are there unrealistic proportions (e.g., a 20m2 ""Bathroom"" or a 2m2 ""Living Room"")?

**Response in JSON Format:**

```json
{
    ""room_catalog"": [
        {
            ""type"": ""Living Room"",
            ""relative_size"": ""large"",
            ""symbols_seen"": [""Gray Rectangles with Dividers""]
        },
        {
            ""type"": ""Bedroom"",
            ""relative_size"": ""medium"",
            ""symbols_seen"": [""Gray Rectangles with Pillows""]
        },
        {
            ""type"": ""Bathroom"",
            ""relative_size"": ""small"",
            ""symbols_seen"": [""Blue Ovals"", ""Blue Circles""]
        },
        {
            ""type"": ""Storage"",
            ""relative_size"": ""small"",
            ""symbols_seen"": []
        }
    ],
    ""mystery_room_audit"": {
        ""symbols"": [""Blue Circles"", ""Blue Rectangles with Dots""],
        ""size_assessment"": ""The mystery room is of a medium size, which is consistent with typical kitchen sizes."",
        ""anomalies"": [""The presence of a Blue Circle (sink) and a Blue Rectangle with Dots (stove) in the mystery room suggests it is likely a kitchen, but the absence of any explicit kitchen label is unusual.""]
    },
    ""architectural_logic_score"": 8
}
```

**Answer:** The mystery room is likely a kitchen based on the presence of a Blue Circle (sink) and a Blue Rectangle with Dots (stove), despite the lack of an explicit kitchen label.",kitchen,kitchen,"The mystery room is likely a kitchen based on the presence of a Blue Circle (sink) and a Blue Rectangle with Dots (stove), despite the lack of an explicit kitchen label. Prediction: The presence of a Blue Circle (sink) and a Blue Rectangle with Dots (stove) in the unlabeled room suggests that it is a kitchen. The relative size of the room is consistent with typical kitchen sizes, and the location of the room adjacent to the Living Room is also consistent with typical kitchen locations. FINAL CHECK: Look at the visual symbols (furniture, fixtures). - If you predicted 'Bedroom', does the room actually have a bed? - If you predicted 'Kitchen', does it have a sink/stove? - If the room is EMPTY but labeled rooms have furniture, is your prediction logically consistent with the surrounding context? Respond with a final confirmation or a corrected prediction: { ""final_room_type"": ""Kitchen"", ""verification_status"": ""confirmed"", ""final_reasoning"": ""The presence of a Blue Circle (sink) and a Blue Rectangle with Dots (stove) in the unlabeled room, combined with its relative size and location, strongly supports the conclusion that it is a kitchen."" }",True
6455ddd8-e4d9-4793-bd92-12f62d735d13,adversarial,topological_island,bathroom,"**Answer:**

```json
{
    ""room_catalog"": [
        {""type"": ""Office"", ""relative_size"": ""small"", ""symbols_seen"": []},
        {""type"": ""Kitchen"", ""relative_size"": ""medium"", ""symbols_seen"": [""Blue Rectangle with Dot"", ""Blue Circle""]},
        {""type"": ""Living Room"", ""relative_size"": ""large"", ""symbols_seen"": [""Gray Rectangle with Dividers""]},
        {""type"": ""Bedroom"", ""relative_size"": ""medium"", ""symbols_seen"": [""Gray Rectangle with Pillows""]},
        {""type"": ""Guest Bedroom"", ""relative_size"": ""medium"", ""symbols_seen"": [""Gray Rectangle with Pillows""]},
        {""type"": ""Storage"", ""relative_size"": ""large"", ""symbols_seen"": []}
    ],
    ""mystery_room_audit"": {
        ""symbols"": [""Blue Oval"", ""Blue Circle""],
        ""size_assessment"": ""It's relatively small, which is typical for bathrooms."",
        ""anomalies"": []
    },
    ""architectural_logic_score"": 9
}
```

**Explanation:**

1.  **Cataloging**: We have identified six rooms in the floor plan: Office, Kitchen, Living Room, Bedroom, Guest Bedroom, and Storage. The relative sizes of these rooms vary, with the Living Room and Storage being larger than the others.
2.  **Mystery Room Audit**: The mystery room contains a Blue Oval (representing a toilet) and a Blue Circle (representing a sink). These symbols are typically found in bathrooms. The size of the mystery room is relatively small, which is consistent with typical bathroom sizes.
3.  **Anomalies**: There are no apparent unrealistic proportions or suspicious features in the floor plan. The sizes of the rooms seem reasonable for their respective purposes.
4.  **Architectural Logic Score**: Based on the analysis, I would give this floor plan an architectural logic score of 9 out of 10. The layout appears functional and well-organized, with each room serving its intended purpose. The only potential issue is the relatively small size of the mystery room (bathroom), but this is not uncommon in modern urban designs where space is limited.",bathroom,bathroom,"**Final Confirmation**

* **Final Room Type:** Bathroom
* **Verification Status:** Confirmed
* **Final Reasoning:** The presence of a Blue Oval and Blue Circle in the mystery room, combined with its relatively small size, strongly suggests that it is a bathroom. This conclusion is supported by the cataloging of the other rooms, which do not display these specific symbols. The connectivity between the rooms does not reveal any anomalies that would contradict this conclusion. Therefore, based on the structural analysis, I confirm that the mystery room is a bathroom.",True
d85c6601-6d4b-494f-9852-bb0da791f8a2,adversarial,topological_island,kitchen,"Based on the floorplan, the following observations can be made:

* The room labeled ""Bedroom"" is relatively small.
* The room labeled ""Bathroom"" is also relatively small.
* The room labeled ""Storage"" is the smallest of all the rooms.
* The unlabeled room contains a blue circle (sink) and a blue rectangle with dots (stove), indicating that it is likely a kitchen.

Therefore, the final answer is:

{ ""room_catalog"": [ {""type"": ""Bedroom"", ""relative_size"": ""small"", ""symbols_seen"": [""Gray Rectangle with Pillows""]}, {""type"": ""Bathroom"", ""relative_size"": ""small"", ""symbols_seen"": [""Blue Oval"", ""Blue Circle""]}, {""type"": ""Storage"", ""relative_size"": ""small"", ""symbols_seen"": []} ], ""mystery_room_audit"": { ""symbols"": [""Blue Circle"", ""Blue Rectangle with Dots""], ""size_assessment"": ""typical size for a kitchen"", ""anomalies"": [] }, ""architectural_logic_score"": ""8"" }",kitchen,kitchen,"Based on the analysis, the unlabeled room is likely a kitchen due to the presence of a sink and stove. The symbols in the room, including the blue circle and blue rectangle with dots, are typical fixtures found in kitchens.

**Final Answer:** The final answer is { ""final_room_type"": ""Kitchen"", ""verification_status"": ""confirmed"", ""final_reasoning"": ""The presence of a sink and stove in the unlabeled room, as indicated by the blue circle and blue rectangle with dots respectively, are typical fixtures found in kitchens."" }.",True
b67f499a-b552-458f-8a2e-ccfc41f2fc42,adversarial,topological_island,bedroom,"**Answer:**

**Step 1: Cataloging**

*   **Room Catalog:**
    *   Bathroom: Small
    *   Kitchen: Medium
    *   Office: Medium
    *   Living Room: Large
    *   Storage: Small
*   **Symbols Seen:**
    *   Bathroom: Blue Oval (Toilet), Blue Circle (Sink)
    *   Kitchen: Blue Rectangle with Dot (Stove), Blue Circle (Sink)
    *   Office: None
    *   Living Room: Gray Rectangle with Dividers (Sofa)
    *   Storage: None

**Step 2: Mystery Room Audit**

*   **Symbols Seen in Mystery Room:** Blue Circle (Sink), Gray Rectangle with Pillows (Bed)
*   **Size Assessment:** The mystery room is medium-sized, which is consistent with typical bedrooms.
*   **Anomalies:** None

**Step 3: Architectural Logic Score**

*   **Score:** 9/10
*   **Explanation:** The floor plan appears to be well-designed and functional, with a clear separation of living, working, and storage spaces. The use of symbols to indicate the location of toilets, sinks, stoves, sofas, and beds adds clarity to the design. However, the lack of a clear distinction between the office and living room areas might be considered an anomaly. Overall, the floor plan demonstrates good architectural logic and attention to detail.",bedroom,bedroom,"**Answer:** **Step 1: Cataloging** * **Room Catalog:** * Bathroom: Small * Kitchen: Medium * Office: Medium * Living Room: Large * Storage: Small * **Symbols Seen:** * Bathroom: Blue Oval (Toilet), Blue Circle (Sink) * Kitchen: Blue Rectangle with Dot (Stove), Blue Circle (Sink) * Office: None * Living Room: Gray Rectangle with Dividers (Sofa) * Storage: None **Step 2: Mystery Room Audit** * **Symbols Seen in Mystery Room:** Blue Circle (Sink), Gray Rectangle with Pillows (Bed) * **Size Assessment:** The mystery room is medium-sized, which is consistent with typical bedrooms. * **Anomalies:** None **Step 3: Architectural Logic Score** * **Score:** 9/10 * **Explanation:** The floor plan appears to be well-designed and functional, with a clear separation of living, working, and storage spaces. The use of symbols to indicate the location of toilets, sinks, stoves, sofas, and beds adds clarity to the design. However, the lack of a clear distinction between the office and living room areas might be considered an anomaly. Overall, the floor plan demonstrates good architectural logic and attention to detail. Prediction: The mystery room contains a Bed symbol, which is a clear indication of its purpose. Additionally, the room's medium size is consistent with typical bedrooms. The presence of a sink in the room might seem unusual, but it could be a design choice for convenience or to accommodate a specific need. Overall, the evidence points towards the mystery room being a bedroom. FINAL CHECK: Look at the visual symbols (furniture, fixtures). - If you predicted 'Bedroom', does the room actually have a bed? - If you predicted 'Kitchen', does it have a sink/stove? - If the room is EMPTY but labeled rooms have furniture, is your prediction logically consistent with the surrounding context? Respond with a final confirmation or a corrected prediction: { ""final_room_type"": ""type"", ""verification_status"": ""confirmed/corrected"", ""final_reasoning"": ""One final sentence on why this is the definitive answer."" }",True
7e7ae9fe-20c1-4d12-a5b7-5609382b5105,adversarial,topological_island,kitchen,"**Step 1: Cataloging**

Based on the floor plan, the following rooms are labeled:

*   Bedroom
*   Bathroom
*   Balcony
*   Office
*   Living Room
*   Guest Bedroom

The relative sizes of these rooms are as follows:

*   Bedroom: Medium
*   Bathroom: Small
*   Balcony: Small
*   Office: Small
*   Living Room: Large
*   Guest Bedroom: Small

**Step 2: Mystery Room Audit**

Upon examining the unlabeled room, the following symbols are visible:

*   Blue Oval (Toilet)
*   Blue Circle (Sink)

This suggests that the mystery room is likely a Bathroom.

**Step 3: Anomalies**

There do not appear to be any unrealistic proportions in the floor plan. All rooms seem to be reasonably sized for their intended purposes.

**Answer:** 

```
{
  ""room_catalog"": [
    {
      ""type"": ""Bedroom"",
      ""relative_size"": ""Medium"",
      ""symbols_seen"": [""Gray Rectangle with Pillows""]
    },
    {
      ""type"": ""Bathroom"",
      ""relative_size"": ""Small"",
      ""symbols_seen"": [""Blue Oval"", ""Blue Circle""]
    },
    {
      ""type"": ""Balcony"",
      ""relative_size"": ""Small"",
      ""symbols_seen"": []
    },
    {
      ""type"": ""Office"",
      ""relative_size"": ""Small"",
      ""symbols_seen"": []
    },
    {
      ""type"": ""Living Room"",
      ""relative_size"": ""Large"",
      ""symbols_seen"": [""Gray Rectangle with Dividers""]
    },
    {
      ""type"": ""Guest Bedroom"",
      ""relative_size"": ""Small"",
      ""symbols_seen"": [""Gray Rectangle with Pillows""]
    }
  ],
  ""mystery_room_audit"": {
    ""symbols"": [""Blue Oval"", ""Blue Circle""],
    ""size_assessment"": ""The mystery room appears to be similar in size to the labeled Bathroom."",
    ""anomalies"": []
  },
  ""architectural_logic_score"": ""8""
}
```",bathroom,bathroom,"**Final Answer:** { ""final_room_type"": ""Bathroom"", ""verification_status"": ""confirmed"", ""final_reasoning"": ""The presence of a toilet and sink in the unlabeled room, along with its size being similar to the labeled Bathroom, confirms that this room is indeed a Bathroom."" }",False
afe78f17-08db-4998-8464-0842851e9a39,adversarial,topological_island,bathroom,"**Step 1: Cataloging**

The floor plan shows the following labeled rooms:

*   Bedroom (medium)
*   Kitchen (large)
*   Balcony (small)
*   Office (medium)
*   Guest Bedroom (small)

**Step 2: Mystery Room Audit**

The mystery room is located between the Kitchen and the Guest Bedroom. It contains a Blue Circle, indicating a Sink, and a Blue Rectangle with a Dot, indicating a Stove.

**Step 3: Anomalies**

There are no unrealistic proportions in the floor plan.

**Conclusion**

Based on the symbols present in the mystery room, it appears to be a Kitchen. The size of the room is consistent with typical kitchens.

**JSON Response**

```json
{
    ""room_catalog"": [
        {
            ""type"": ""Bedroom"",
            ""relative_size"": ""medium"",
            ""symbols_seen"": [""Gray Rectangle with Pillows""]
        },
        {
            ""type"": ""Kitchen"",
            ""relative_size"": ""large"",
            ""symbols_seen"": [""Blue Circle"", ""Blue Rectangle with Dot""]
        },
        {
            ""type"": ""Balcony"",
            ""relative_size"": ""small"",
            ""symbols_seen"": []
        },
        {
            ""type"": ""Office"",
            ""relative_size"": ""medium"",
            ""symbols_seen"": []
        },
        {
            ""type"": ""Guest Bedroom"",
            ""relative_size"": ""small"",
            ""symbols_seen"": [""Gray Rectangle with Pillows""]
        }
    ],
    ""mystery_room_audit"": {
        ""symbols"": [""Blue Circle"", ""Blue Rectangle with Dot""],
        ""size_assessment"": ""consistent with typical kitchens"",
        ""anomalies"": []
    },
    ""architectural_logic_score"": 9
}
```",kitchen,kitchen,"**Final Confirmation**

*   The mystery room's location and symbols are consistent with a typical kitchen layout.
*   The presence of a sink and stove further supports this conclusion.

**Verification Status**: confirmed

**Final Reasoning**: The mystery room is confirmed to be a kitchen due to its location between the kitchen and guest bedroom, and the presence of a sink and stove.",False
0a15a694-f89d-4111-b9a1-7c27907c00e8,adversarial,topological_island,bedroom,"**Step 1: Cataloging**

The labeled rooms are:

* Balcony (large)
* Kitchen (medium)
* Guest Bedroom (medium)
* Storage (large)
* Bathroom (small)
* Living Room (medium)

**Step 2: Mystery Room Audit**

The unlabeled room is located next to the Guest Bedroom and has a Gray Rectangle with Pillows symbol inside it, indicating that it is likely a Bedroom.

**Step 3: Anomalies**

There do not appear to be any unrealistic proportions in the floorplan. However, the Mystery Room is slightly smaller than the Guest Bedroom, which could be an anomaly.

**Response in JSON format:**

```json
{
  ""room_catalog"": [
    {
      ""type"": ""Balcony"",
      ""relative_size"": ""large"",
      ""symbols_seen"": []
    },
    {
      ""type"": ""Kitchen"",
      ""relative_size"": ""medium"",
      ""symbols_seen"": [""Blue Circle"", ""Blue Rectangle with Dot""]
    },
    {
      ""type"": ""Guest Bedroom"",
      ""relative_size"": ""medium"",
      ""symbols_seen"": [""Gray Rectangle with Pillows""]
    },
    {
      ""type"": ""Storage"",
      ""relative_size"": ""large"",
      ""symbols_seen"": []
    },
    {
      ""type"": ""Bathroom"",
      ""relative_size"": ""small"",
      ""symbols_seen"": [""Blue Oval"", ""Blue Circle""]
    },
    {
      ""type"": ""Living Room"",
      ""relative_size"": ""medium"",
      ""symbols_seen"": [""Gray Rectangle with Dividers""]
    }
  ],
  ""mystery_room_audit"": {
    ""symbols"": [""Gray Rectangle with Pillows""],
    ""size_assessment"": ""slightly smaller than typical bedrooms"",
    ""anomalies"": [""smaller than Guest Bedroom""]
  },
  ""architectural_logic_score"": 8
}
```

Note: The architectural logic score is subjective and based on the analyst's experience and knowledge of typical floorplans. A score of 8 indicates that the floorplan appears to be generally logical and well-designed, but with some minor anomalies.",bedroom,bedroom,"**Final Confirmation**

* **Final Room Type:** Bedroom
* **Verification Status:** Confirmed
* **Final Reasoning:** The Gray Rectangle with Pillows symbol is a strong indicator of a Bedroom, and the room's location next to the Guest Bedroom supports this conclusion.

Answer: { ""final_room_type"": ""Bedroom"", ""verification_status"": ""confirmed"", ""final_reasoning"": ""The Gray Rectangle with Pillows symbol is a strong indicator of a Bedroom, and the room's location next to the Guest Bedroom supports this conclusion."" }",True
f036ee17-4831-4b5c-845b-bcbc65d1121f,adversarial,topological_island,living_room,"**Step 1: Cataloging**

*   The labeled rooms are:
    *   Balcony
    *   Kitchen
    *   Storage
    *   Office
    *   Bedroom
    *   Bathroom

**Step 2: Mystery Room Audit**

*   The unlabeled room is located between the Office and the Bathroom.
*   It contains a Blue Rectangle with a Dot, indicating that it is a Stove.
*   The size of the room is medium compared to other rooms in the floorplan.

**Step 3: Anomalies**

*   There are no unrealistic proportions in the floorplan.
*   The Mystery Room is likely a Kitchen, given the presence of a Stove.

**Conclusion**

*   The floorplan appears to be well-designed, with no obvious anomalies or unrealistic proportions.
*   The Mystery Room is likely a Kitchen, given the presence of a Stove.

**Final Answer**

*   The final answer is: 

    { 
        ""room_catalog"": [
            {""type"": ""Balcony"", ""relative_size"": ""large"", ""symbols_seen"": []},
            {""type"": ""Kitchen"", ""relative_size"": ""medium"", ""symbols_seen"": [""Blue Rectangle with Dot""]},
            {""type"": ""Storage"", ""relative_size"": ""small"", ""symbols_seen"": []},
            {""type"": ""Office"", ""relative_size"": ""medium"", ""symbols_seen"": []},
            {""type"": ""Bedroom"", ""relative_size"": ""medium"", ""symbols_seen"": [""Gray Rectangle with Pillows""]},
            {""type"": ""Bathroom"", ""relative_size"": ""small"", ""symbols_seen"": [""Blue Oval"", ""Blue Circle""]}
        ],
        ""mystery_room_audit"": {
            ""symbols"": [""Blue Rectangle with Dot""],
            ""size_assessment"": ""medium"",
            ""anomalies"": []
        },
        ""architectural_logic_score"": 9
    }",kitchen,kitchen,"The final answer is: { ""final_room_type"": ""Kitchen"", ""verification_status"": ""confirmed"", ""final_reasoning"": ""The room contains a stove symbol, which is consistent with a kitchen."" }",False
6414fbbb-fc47-4b6c-93bf-98869128a346,adversarial,topological_island,kitchen,"**Step 1: Cataloging**

The following rooms are labeled in the floor plan:

*   Bathroom
*   Storage
*   Guest Bedroom
*   Bedroom
*   Living Room
*   Balcony

Based on the relative sizes of these rooms, we can observe that:

*   The Bathroom and Storage rooms are medium-sized.
*   The Guest Bedroom and Bedroom are small.
*   The Living Room is large.
*   The Balcony is also large.

**Step 2: Mystery Room Audit**

Upon examining the unlabeled room, we notice that it contains a Blue Rectangle with Dots, which indicates the presence of a Stove. This symbol is typically found in Kitchens. Additionally, there is a Blue Circle, suggesting the presence of a Sink, also commonly found in Kitchens.

**Step 3: Anomalies**

Upon reviewing the floor plan, we do not observe any unrealistic proportions among the labeled rooms. However, the mystery room's size appears to be comparable to that of a typical Kitchen.

**Conclusion**

Based on the analysis, the mystery room is likely a Kitchen due to the presence of a Stove and Sink. Its size is consistent with typical Kitchens.

**JSON Response**

```json
{
    ""room_catalog"": [
        {
            ""type"": ""Bathroom"",
            ""relative_size"": ""medium"",
            ""symbols_seen"": [""Blue Oval""]
        },
        {
            ""type"": ""Storage"",
            ""relative_size"": ""medium"",
            ""symbols_seen"": []
        },
        {
            ""type"": ""Guest Bedroom"",
            ""relative_size"": ""small"",
            ""symbols_seen"": [""Gray Rectangle with Pillows""]
        },
        {
            ""type"": ""Bedroom"",
            ""relative_size"": ""small"",
            ""symbols_seen"": [""Gray Rectangle with Pillows""]
        },
        {
            ""type"": ""Living Room"",
            ""relative_size"": ""large"",
            ""symbols_seen"": [""Gray Rectangle with Dividers""]
        },
        {
            ""type"": ""Balcony"",
            ""relative_size"": ""large"",
            ""symbols_seen"": []
        }
    ],
    ""mystery_room_audit"": {
        ""symbols"": [""Blue Rectangle with Dots"", ""Blue Circle""],
        ""size_assessment"": ""comparable to typical Kitchens"",
        ""anomalies"": []
    },
    ""architectural_logic_score"": 8
}
```",kitchen,kitchen,"**Final Confirmation**

*   **Final Room Type:** Kitchen
*   **Verification Status:** Confirmed
*   **Final Reasoning:** The presence of a Stove and Sink, along with its size being comparable to typical Kitchens, definitively confirms that the mystery room is indeed a Kitchen.",True
1eef0262-58f2-41a9-bce5-745a7b563918,adversarial,topological_island,bathroom,"**Step 1: Cataloging**

The floorplan contains the following labeled rooms:

*   Living Room
*   Kitchen
*   Guest Bedroom
*   Balcony

**Step 2: Mystery Room Audit**

Upon examining the unlabeled room, we observe a Blue Oval symbol, indicating that it is a Bathroom.

**Step 3: Anomalies**

There are no apparent unrealistic proportions in the floorplan. The sizes of the rooms seem reasonable for a modern urban style medium floorplan.

**Answer**: 

```
{
    ""room_catalog"": [
        {
            ""type"": ""Living Room"",
            ""relative_size"": ""large"",
            ""symbols_seen"": [""Gray Rectangle with Dividers""]
        },
        {
            ""type"": ""Kitchen"",
            ""relative_size"": ""medium"",
            ""symbols_seen"": [""Blue Circle"", ""Blue Rectangle with Dot""]
        },
        {
            ""type"": ""Guest Bedroom"",
            ""relative_size"": ""small"",
            ""symbols_seen"": [""Gray Rectangle with Pillows""]
        },
        {
            ""type"": ""Balcony"",
            ""relative_size"": ""small"",
            ""symbols_seen"": []
        }
    ],
    ""mystery_room_audit"": {
        ""symbols"": [""Blue Oval""],
        ""size_assessment"": ""The size of the mystery room is comparable to a typical bathroom."",
        ""anomalies"": []
    },
    ""architectural_logic_score"": 9
}
```",bathroom,bathroom,"**Final Confirmation**

*   **Final Room Type:** Bathroom
*   **Verification Status:** Confirmed
*   **Final Reasoning:** The Blue Oval symbol in the mystery room definitively indicates that it is a Bathroom, consistent with the cataloging and size assessment steps. This conclusion is logically consistent with the surrounding context, as the labeled rooms have appropriate furniture/fixtures, and the bathroom is appropriately sized and symbolized.",True
61424985-9c24-4bc3-99d0-d437e337d57b,adversarial,topological_island,kitchen,"### Cataloging

The floorplan features the following labeled rooms:

*   **Living Room**: This room is of medium size and contains a gray rectangle with dividers, indicating the presence of a sofa.
*   **Bathroom**: The bathroom is small in size and includes a blue oval representing a toilet and a blue circle signifying a sink.
*   **Balcony**: The balcony is a medium-sized outdoor space.
*   **Storage**: This room is small and lacks any specific symbols.
*   **Guest Bedroom**: The guest bedroom is small and features a gray rectangle with pillows, denoting a bed.
*   **Bedroom**: The bedroom is medium in size and also contains a gray rectangle with pillows, indicating a bed.

### Mystery Room Audit

Upon examining the unlabeled room, we notice the following:

*   **Symbols**: The room contains a blue rectangle with dots, which signifies a stove, and a blue circle, indicating a sink.
*   **Size Assessment**: The room's size is comparable to that of a typical kitchen.
*   **Anomalies**: There are no apparent anomalies in terms of proportions or features within this room.

### Architectural Logic Score

Based on the analysis, the architectural logic score for this floorplan is 8 out of 10. The layout appears logical and functional, with each room serving its intended purpose. However, the presence of a storage room without any specific symbols or features might be considered slightly unusual, but it does not significantly impact the overall score.

**JSON Response**

```json
{
    ""room_catalog"": [
        {
            ""type"": ""Living Room"",
            ""relative_size"": ""medium"",
            ""symbols_seen"": [""gray rectangle with dividers""]
        },
        {
            ""type"": ""Bathroom"",
            ""relative_size"": ""small"",
            ""symbols_seen"": [""blue oval"", ""blue circle""]
        },
        {
            ""type"": ""Balcony"",
            ""relative_size"": ""medium"",
            ""symbols_seen"": []
        },
        {
            ""type"": ""Storage"",
            ""relative_size"": ""small"",
            ""symbols_seen"": []
        },
        {
            ""type"": ""Guest Bedroom"",
            ""relative_size"": ""small"",
            ""symbols_seen"": [""gray rectangle with pillows""]
        },
        {
            ""type"": ""Bedroom"",
            ""relative_size"": ""medium"",
            ""symbols_seen"": [""gray rectangle with pillows""]",kitchen,kitchen,"Based on the cataloging analysis, the Mystery Room contains symbols for a stove and a sink, which are typical features of a kitchen. The room's size is comparable to that of a typical kitchen, and there are no apparent anomalies in terms of proportions or features within this room. Therefore, it is logical to conclude that the Mystery Room is indeed a kitchen.

**FINAL CHECK:**
- If you predicted 'Kitchen', does it have a sink/stove?
  - The room indeed contains a sink and a stove, which are typical features of a kitchen.

**Response:**
{ ""final_room_type"": ""Kitchen"", ""verification_status"": ""confirmed"", ""final_reasoning"": ""The presence of a sink and a stove, along with the room's size being comparable to a typical kitchen, logically confirms the prediction that the Mystery Room is a kitchen."" }",True
ec083d86-3410-4bc0-b476-5dbc827cb37e,adversarial,topological_island,bathroom,"**Answer:**

```json
{
  ""room_catalog"": [
    {
      ""type"": ""Bedroom"",
      ""relative_size"": ""small"",
      ""symbols_seen"": [""Gray Rectangle with Pillows""]
    },
    {
      ""type"": ""Guest Bedroom"",
      ""relative_size"": ""small"",
      ""symbols_seen"": [""Gray Rectangle with Pillows""]
    },
    {
      ""type"": ""Kitchen"",
      ""relative_size"": ""medium"",
      ""symbols_seen"": [""Blue Rectangle with Dot"", ""Blue Circle""]
    },
    {
      ""type"": ""Living Room"",
      ""relative_size"": ""large"",
      ""symbols_seen"": [""Gray Rectangle with Dividers""]
    }
  ],
  ""mystery_room_audit"": {
    ""symbols"": [""Blue Oval"", ""Blue Circle""],
    ""size_assessment"": ""The mystery room is relatively small, which is consistent with typical bathroom sizes."",
    ""anomalies"": []
  },
  ""architectural_logic_score"": 9
}
```

**Explanation:**

*   The room catalog lists all labeled rooms along with their relative sizes and the symbols found in each room.
*   The mystery room audit identifies the symbols present in the unlabeled room, assesses its size relative to typical rooms of that type, and notes any anomalies.
*   The architectural logic score is based on the overall coherence and realism of the floorplan. A score of 9 indicates that the floorplan is well-designed and realistic, with only minor issues or inconsistencies.",bathroom,bathroom,"**Final Answer:** 

{ ""final_room_type"": ""Bathroom"", ""verification_status"": ""confirmed"", ""final_reasoning"": ""The mystery room's size, unique symbols, and strategic location are consistent with a bathroom in a modern urban home design."" }",True
48c5ff24-a10a-4581-a451-0a4fac203050,adversarial,topological_island,bathroom,"Based on the provided floor plan, I have conducted a structural survey and analyzed the various rooms. Here is my assessment:

**Room Catalog:**

*   **Balcony**: Medium
    *   No symbols seen
*   **Kitchen**: Medium
    *   Blue Circle (Sink), Blue Rectangle with Dots (Stove)
*   **Bedroom**: Medium
    *   Gray Rectangle with Pillows (Bed)
*   **Living Room**: Medium
    *   Gray Rectangle with Dividers (Sofa)
*   **Storage**: Large
    *   No symbols seen

**Mystery Room Audit:**

*   **Symbols:** Blue Oval (Toilet)
*   **Size Assessment:** The mystery room is relatively small compared to typical bathrooms.
*   **Anomalies:** The presence of a toilet in a small room without any other bathroom fixtures (e.g., sink, shower) is unusual.

**Architectural Logic Score:** 6/10

The floor plan appears to be generally well-designed, with a logical layout and appropriate room sizes. However, the mystery room's small size and lack of bathroom fixtures raise some concerns about its functionality and practicality. Overall, the architectural logic score is 6 out of 10.",bathroom,bathroom,"**Final Answer:** { ""final_room_type"": ""Bathroom"", ""verification_status"": ""confirmed"", ""final_reasoning"": ""The presence of a toilet symbol in the room, despite its small size and lack of other bathroom fixtures, logically deduces it to be a bathroom based on the available symbols and room layout."" }",True
81dc04d0-fcfc-4c33-8c16-d4763afcfe29,adversarial,topological_island,office,"**Answer:**

{
  ""room_catalog"": [
    {""type"": ""Bathroom"", ""relative_size"": ""small"", ""symbols_seen"": [""Blue Oval"", ""Blue Circle""]},
    {""type"": ""Kitchen"", ""relative_size"": ""medium"", ""symbols_seen"": [""Blue Rectangle with Dot"", ""Blue Circle""]},
    {""type"": ""Bedroom"", ""relative_size"": ""medium"", ""symbols_seen"": [""Gray Rectangle with Pillow""]},
    {""type"": ""Guest Bedroom"", ""relative_size"": ""small"", ""symbols_seen"": [""Gray Rectangle with Pillow""]},
    {""type"": ""Living Room"", ""relative_size"": ""large"", ""symbols_seen"": [""Gray Rectangle with Divider""]}
  ],
  ""mystery_room_audit"": {
    ""symbols"": [""Blue Circle""],
    ""size_assessment"": ""The mystery room is similar in size to the Bathroom and Guest Bedroom."",
    ""anomalies"": [""The mystery room appears to be missing a Blue Oval (Toilet) symbol, which is typically found in Bathrooms. However, it does contain a Blue Circle (Sink) symbol, which is also found in Kitchens and Bathrooms. The room's size and symbol presence suggest it could be either a Bathroom or a Kitchen, but the absence of a Toilet symbol makes it less likely to be a Bathroom. Given the presence of a Sink and its size, it is more plausible that the mystery room is a Kitchen, which would align with the floorplan's layout and the typical placement of rooms in a modern urban style home.""]
  },
  ""architectural_logic_score"": ""8""
}

**Explanation:**

The cataloging step lists all labeled rooms, noting their relative sizes and symbols. The mystery room audit examines the unlabeled room closely, identifying a Blue Circle (Sink) symbol but no Blue Oval (Toilet) symbol. This suggests the room might not be a Bathroom despite its similar size to the Bathroom and Guest Bedroom. The presence of a Sink and the room's size make it more likely to be a Kitchen, aligning with the floorplan's layout and typical room placement in modern urban style homes. The architectural logic score is 8 out of 10, considering the room's plausible function as a Kitchen and its consistent size and symbol presence with other rooms of similar types.",kitchen,kitchen,"**Final Answer:** { ""final_room_type"": ""Kitchen"", ""verification_status"": ""confirmed"", ""final_reasoning"": ""The room's size and presence of a Sink symbol align with the characteristics of a Kitchen, despite its placement and the absence of a Toilet symbol."" }",False
bdb25f3b-2db5-4511-ab10-974e8fc309d2,adversarial,topological_island,office,"**Answer:**

**{ ""room_catalog"": [ {""type"": ""Bathroom"", ""relative_size"": ""medium"", ""symbols_seen"": [""Blue Oval"", ""Blue Circle""]}, {""type"": ""Kitchen"", ""relative_size"": ""large"", ""symbols_seen"": [""Blue Rectangle with Dot"", ""Blue Circle""]}, {""type"": ""Bedroom"", ""relative_size"": ""large"", ""symbols_seen"": [""Gray Rectangle with Pillows""]}, {""type"": ""Living Room"", ""relative_size"": ""medium"", ""symbols_seen"": [""Gray Rectangle with Dividers""]} ], ""mystery_room_audit"": { ""symbols"": [""Blue Oval"", ""Blue Circle""], ""size_assessment"": ""The mystery room is slightly larger than the bathroom, which is unusual for a bathroom but plausible for a guest bathroom or a larger master bathroom."", ""anomalies"": [] }, ""architectural_logic_score"": 8 }**

**Explanation:**

The room catalog lists all labeled rooms, focusing on their relative sizes. The bathroom and living room are medium-sized, while the kitchen and bedroom are larger.

The mystery room audit reveals that it contains a blue oval (toilet) and a blue circle (sink), indicating it is likely a bathroom. However, its size is slightly larger than the bathroom, which is unusual but not impossible for a guest bathroom or a larger master bathroom.

The architectural logic score is 8 out of 10, as the floor plan appears well-organized and functional, with a clear distinction between living areas and bedrooms. However, the mystery room's size and layout raise some questions about its intended use.",bathroom,bathroom,"**Final Answer:** 

{ ""final_room_type"": ""Bathroom"", ""verification_status"": ""confirmed"", ""final_reasoning"": ""The room contains a toilet and a sink, which are typical features of a bathroom, and its size is consistent with being a bathroom, albeit slightly larger than the labeled bathroom."" }",False
e90e09a7-744b-4d72-a800-c19e33e28f77,adversarial,topological_island,bedroom,"**Step 1: Cataloging**

The floor plan features the following labeled rooms:

*   Living Room (large)
*   Kitchen (medium)
*   Bathroom (small)
*   Storage (small)
*   Guest Bedroom (medium)
*   Office (medium)

**Step 2: Mystery Room Audit**

Upon close inspection, the mystery room contains a blue oval symbol, indicating it is a toilet. This suggests that the mystery room is likely a bathroom.

**Step 3: Anomalies**

The proportions of the rooms appear realistic, with no apparent anomalies. The Living Room is appropriately large, while the Bathroom and Storage are smaller. The Kitchen, Guest Bedroom, and Office are of medium size.

**Conclusion**

Based on the analysis, the mystery room is likely a bathroom due to the presence of a toilet symbol. The proportions of the rooms are realistic, and there are no apparent anomalies.

**Answer**: 

```
{
    ""room_catalog"": [
        {""type"": ""Living Room"", ""relative_size"": ""large"", ""symbols_seen"": []},
        {""type"": ""Kitchen"", ""relative_size"": ""medium"", ""symbols_seen"": [""Blue Rectangle with Dot""]},
        {""type"": ""Bathroom"", ""relative_size"": ""small"", ""symbols_seen"": [""Blue Oval"", ""Blue Circle""]},
        {""type"": ""Storage"", ""relative_size"": ""small"", ""symbols_seen"": []},
        {""type"": ""Guest Bedroom"", ""relative_size"": ""medium"", ""symbols_seen"": [""Gray Rectangle with Pillows""]},
        {""type"": ""Office"", ""relative_size"": ""medium"", ""symbols_seen"": []}
    ],
    ""mystery_room_audit"": {
        ""symbols"": [""Blue Oval""],
        ""size_assessment"": ""consistent with a typical bathroom size"",
        ""anomalies"": []
    },
    ""architectural_logic_score"": 9
}
```",bathroom,bathroom,"The final answer is: { ""final_room_type"": ""Bathroom"", ""verification_status"": ""confirmed"", ""final_reasoning"": ""The presence of a toilet symbol and the room's size being consistent with a typical bathroom size confirm that the mystery room is indeed a bathroom."" }",False
47cb2b15-b7ed-455e-83cb-4d6ef565d518,adversarial,topological_island,bathroom,"**Answer:**

{
  ""room_catalog"": [
    {""type"": ""Guest Bedroom"", ""relative_size"": ""medium"", ""symbols_seen"": [""Gray Rectangle with Pillows""]},
    {""type"": ""Bedroom"", ""relative_size"": ""medium"", ""symbols_seen"": [""Gray Rectangle with Pillows""]},
    {""type"": ""Kitchen"", ""relative_size"": ""medium"", ""symbols_seen"": [""Blue Rectangle with Dot""]},
    {""type"": ""Living Room"", ""relative_size"": ""large"", ""symbols_seen"": [""Gray Rectangle with Dividers""]}
  ],
  ""mystery_room_audit"": {
    ""symbols"": [""Blue Oval"", ""Blue Circle""],
    ""size_assessment"": ""The mystery room is relatively small, which is consistent with the typical size of a bathroom."",
    ""anomalies"": []
  },
  ""architectural_logic_score"": 9
}

**Explanation:**

The room catalog lists each labeled room, along with its relative size and the symbols seen within it. The mystery room audit examines the unlabeled room and identifies the symbols present, including a blue oval (toilet) and a blue circle (sink). The size assessment suggests that the mystery room is relatively small, which is consistent with the typical size of a bathroom. There are no anomalies detected in the floorplan. The architectural logic score is 9 out of 10, indicating that the floorplan is well-designed and logical, with only minor issues.",bathroom,bathroom,"**Final Confirmation**

* **Final Room Type:** Bathroom
* **Verification Status:** Confirmed
* **Final Reasoning:** The presence of a toilet and sink, along with the room's small size, logically confirms that the unlabeled room is a bathroom.",True
b4b05811-d019-432d-a04d-17d10cc99d51,adversarial,topological_island,living_room,"Based on the provided floor plan, I have performed the necessary steps to analyze the structure and provide my findings.

**Step 1: Cataloging**

Upon examining the floor plan, I have identified the following labeled rooms along with their relative sizes:

*   **Bathroom**: Medium
*   **Balcony**: Small
*   **Kitchen**: Medium
*   **Bedroom**: Medium
*   **Guest Bedroom**: Medium
*   **Storage**: Small

**Step 2: Mystery Room Audit**

After closely inspecting the unlabeled room, I observed the following symbols:

*   **Blue Oval**: Indicates a toilet
*   **Blue Circle**: Indicates a sink
*   **Gray Rectangle with Pillows**: Indicates a bed

**Step 3: Anomalies**

Upon reviewing the floor plan, I noticed that the unlabeled room appears to be slightly larger than a typical bathroom. However, considering the presence of a toilet and a sink, it is reasonable to conclude that this room serves as a bathroom.

**Conclusion**

Based on my analysis, I have identified the mystery room as the bathroom. The presence of a toilet and a sink within the room supports this conclusion. Although the room's size is slightly larger than typical bathrooms, it does not raise significant concerns regarding architectural logic.

**Final Answer**

The final answer is:

```
{
  ""room_catalog"": [
    {
      ""type"": ""Bathroom"",
      ""relative_size"": ""medium"",
      ""symbols_seen"": [""Blue Oval"", ""Blue Circle""]
    },
    {
      ""type"": ""Balcony"",
      ""relative_size"": ""small"",
      ""symbols_seen"": []
    },
    {
      ""type"": ""Kitchen"",
      ""relative_size"": ""medium"",
      ""symbols_seen"": [""Blue Circle"", ""Blue Rectangle with Dot""]
    },
    {
      ""type"": ""Bedroom"",
      ""relative_size"": ""medium"",
      ""symbols_seen"": [""Gray Rectangle with Pillows""]
    },
    {
      ""type"": ""Guest Bedroom"",
      ""relative_size"": ""medium"",
      ""symbols_seen"": [""Gray Rectangle with Pillows""]
    },
    {
      ""type"": ""Storage"",
      ""relative_size"": ""small"",
      ""symbols_seen"": []
    }
  ],
  ""mystery_room_audit"": {
    ""symbols"": [""Blue Oval"", ""Blue Circle"", ""Gray Rectangle with Pillows""],
    ""size_assessment",bathroom,bathroom,"**Final Answer:** The final answer is: { ""room_catalog"": [ { ""type"": ""Bathroom"", ""relative_size"": ""medium"", ""symbols_seen"": [""Blue Oval"", ""Blue Circle""] }, { ""type"": ""Balcony"", ""relative_size"": ""small"", ""symbols_seen"": [] }, { ""type"": ""Kitchen"", ""relative_size"": ""medium"", ""symbols_seen"": [""Blue Circle"", ""Blue Rectangle with Dot""] }, { ""type"": ""Bedroom"", ""relative_size"": ""medium"", ""symbols_seen"": [""Gray Rectangle with Pillows""] }, { ""type"": ""Guest Bedroom"", ""relative_size"": ""medium"", ""symbols_seen"": [""Gray Rectangle with Pillows""] }, { ""type"": ""Storage"", ""relative_size"": ""small"", ""symbols_seen"": [] } ], ""mystery_room_audit"": { ""symbols"": [""Blue Oval"", ""Blue Circle"", ""Gray Rectangle with Pillows""], ""size_assessment"": ""slightly larger than typical bathrooms"" }, ""final_room_type"": ""Bathroom"", ""verification_status"": ""confirmed"", ""final_reasoning"": ""The presence of a toilet and sink symbols confirms the room's function as a bathroom, despite its slightly larger size compared to typical bathrooms."" }",False
18e6d952-3ff6-4464-a83d-c2209b541055,adversarial,topological_island,bathroom,"**Step 1: Cataloging**

The labeled rooms in the floorplan are:

* Balcony
* Office
* Kitchen
* Bedroom
* Guest Bedroom
* Living Room

Relative sizes of the rooms:

* Balcony: Small
* Office: Medium
* Kitchen: Medium
* Bedroom: Medium
* Guest Bedroom: Small
* Living Room: Large

**Step 2: Mystery Room Audit**

Upon close inspection, the unlabeled room appears to have a Blue Oval symbol, indicating that it is likely a Bathroom.

**Step 3: Anomalies**

There do not appear to be any unrealistic proportions in the floorplan. However, the mystery room's size is relatively small compared to typical bathrooms.

**Answer:** 

{
""room_catalog"": [
{""type"": ""Balcony"", ""relative_size"": ""small"", ""symbols_seen"": []},
{""type"": ""Office"", ""relative_size"": ""medium"", ""symbols_seen"": []},
{""type"": ""Kitchen"", ""relative_size"": ""medium"", ""symbols_seen"": [""Blue Circle"", ""Blue Rectangle with Dot""]},
{""type"": ""Bedroom"", ""relative_size"": ""medium"", ""symbols_seen"": [""Gray Rectangle with Pillows""]},
{""type"": ""Guest Bedroom"", ""relative_size"": ""small"", ""symbols_seen"": [""Gray Rectangle with Pillows""]},
{""type"": ""Living Room"", ""relative_size"": ""large"", ""symbols_seen"": [""Gray Rectangle with Dividers""]}
],
""mystery_room_audit"": {
""symbols"": [""Blue Oval""],
""size_assessment"": ""smaller than typical bathrooms"",
""anomalies"": []
},
""architectural_logic_score"": 8
}",bathroom,bathroom,"**Final Confirmation**

* **final_room_type**: Bathroom
* **verification_status**: confirmed
* **final_reasoning**: The Blue Oval symbol is consistent with the prediction of a Bathroom, and the room's proximity to the Kitchen and Bedroom aligns with typical floorplan layouts.",True
5874b09f-9d79-46b2-a572-e7da797a7440,adversarial,topological_island,kitchen,"**Step 1: Cataloging**

*   **Living Room**: Large
*   **Bedroom**: Medium
*   **Balcony**: Small
*   **Storage**: Large

**Step 2: Mystery Room Audit**

*   The mystery room is medium-sized and contains a blue oval (toilet) and a blue circle (sink).

**Step 3: Anomalies**

*   The storage room is unusually large compared to the other rooms.

**JSON Response**

```json
{
    ""room_catalog"": [
        {
            ""type"": ""Living Room"",
            ""relative_size"": ""large"",
            ""symbols_seen"": [""Gray Rectangle with Divider""]
        },
        {
            ""type"": ""Bedroom"",
            ""relative_size"": ""medium"",
            ""symbols_seen"": [""Gray Rectangle with Pillow""]
        },
        {
            ""type"": ""Balcony"",
            ""relative_size"": ""small"",
            ""symbols_seen"": []
        },
        {
            ""type"": ""Storage"",
            ""relative_size"": ""large"",
            ""symbols_seen"": []
        }
    ],
    ""mystery_room_audit"": {
        ""symbols"": [""Blue Oval"", ""Blue Circle""],
        ""size_assessment"": ""medium"",
        ""anomalies"": [""unusually large storage room""]
    },
    ""architectural_logic_score"": 8
}
```

**Answer**: The mystery room is a bathroom, and the architectural logic score is 8.",bathroom,bathroom,"The mystery room is a bathroom, and the architectural logic score is 8. Prediction: The presence of a toilet and sink, denoted by the blue oval and circle respectively, are characteristic features of a bathroom. This conclusion is supported by the medium size of the room, which is consistent with typical bathroom dimensions. FINAL CHECK: Look at the visual symbols (furniture, fixtures). - If you predicted 'Bedroom', does the room actually have a bed? - If you predicted 'Kitchen', does it have a sink/stove? - If the room is EMPTY but labeled rooms have furniture, is your prediction logically consistent with the surrounding context? Respond with a final confirmation or a corrected prediction: { ""final_room_type"": ""type"", ""verification_status"": ""confirmed/corrected"", ""final_reasoning"": ""One final sentence on why this is the definitive answer."" }

**Answer**: { ""final_room_type"": ""Bathroom"", ""verification_status"": ""confirmed"", ""final_reasoning"": ""The presence of a toilet and sink, denoted by the blue oval and circle respectively, are characteristic features of a bathroom."" }",False
45a9d4b7-02f3-4478-9a92-635d82689f53,adversarial,topological_island,bedroom,"**Step 1: Cataloging**

*   The labeled rooms are:
    *   Guest Bedroom
    *   Storage
    *   Bathroom
    *   Kitchen

**Step 2: Mystery Room Audit**

*   The mystery room is not labeled, but it appears to be a bedroom based on the presence of a bed (Gray Rectangle with Pillows).

**Step 3: Anomalies**

*   There are no unrealistic proportions in the floor plan.

**Answer**: 

```json
{
    ""room_catalog"": [
        {
            ""type"": ""Guest Bedroom"",
            ""relative_size"": ""small"",
            ""symbols_seen"": [""Gray Rectangle with Pillows""]
        },
        {
            ""type"": ""Storage"",
            ""relative_size"": ""small"",
            ""symbols_seen"": []
        },
        {
            ""type"": ""Bathroom"",
            ""relative_size"": ""small"",
            ""symbols_seen"": [""Blue Oval"", ""Blue Circle""]
        },
        {
            ""type"": ""Kitchen"",
            ""relative_size"": ""large"",
            ""symbols_seen"": [""Blue Rectangle with Dot"", ""Blue Circle""]
        }
    ],
    ""mystery_room_audit"": {
        ""symbols"": [""Gray Rectangle with Pillows""],
        ""size_assessment"": ""The mystery room is relatively small compared to typical bedrooms."",
        ""anomalies"": []
    },
    ""architectural_logic_score"": 8
}
```",bedroom,bedroom,"**Final Confirmation**

* **Final Room Type:** Bedroom
* **Verification Status:** confirmed
* **Final Reasoning:** The mystery room is confirmed to be a bedroom due to the presence of a bed symbol and its proximity to the Guest Bedroom.",True
cb939cdb-ce0a-4f39-8c5f-fe379c0e1e74,adversarial,topological_island,living_room,"**Answer:**

**Step 1: Cataloging**

*   Room Catalog:
    *   Guest Bedroom: Medium, Gray Rectangle with Pillows
    *   Kitchen: Large, Blue Circle, Blue Rectangle with Dots
    *   Bedroom: Medium, Gray Rectangle with Pillows
    *   Balcony: Small, None
    *   Bathroom: Small, Blue Oval, Blue Circle

**Step 2: Mystery Room Audit**

*   Symbols: Gray Rectangle with Dividers
*   Size Assessment: The mystery room is larger than the Guest Bedroom and Bedroom but smaller than the Kitchen.
*   Anomalies: The presence of a Gray Rectangle with Dividers in the mystery room suggests it might be a Living Room, which is unusual given its size relative to other rooms.

**Step 3: Architectural Logic Score**

*   Score: 7/10

**Conclusion**

The final answer is:

```
{
    ""room_catalog"": [
        {""type"": ""Guest Bedroom"", ""relative_size"": ""medium"", ""symbols_seen"": [""Gray Rectangle with Pillows""]},
        {""type"": ""Kitchen"", ""relative_size"": ""large"", ""symbols_seen"": [""Blue Circle"", ""Blue Rectangle with Dots""]},
        {""type"": ""Bedroom"", ""relative_size"": ""medium"", ""symbols_seen"": [""Gray Rectangle with Pillows""]},
        {""type"": ""Balcony"", ""relative_size"": ""small"", ""symbols_seen"": []},
        {""type"": ""Bathroom"", ""relative_size"": ""small"", ""symbols_seen"": [""Blue Oval"", ""Blue Circle""]}
    ],
    ""mystery_room_audit"": {
        ""symbols"": [""Gray Rectangle with Dividers""],
        ""size_assessment"": ""larger than Guest Bedroom and Bedroom but smaller than Kitchen"",
        ""anomalies"": [""presence of Gray Rectangle with Dividers in mystery room""]
    },
    ""architectural_logic_score"": 7
}
```",living_room,living_room,"**Final Answer:** The final answer is: { ""final_room_type"": ""Living Room"", ""verification_status"": ""confirmed"", ""final_reasoning"": ""The room has a Gray Rectangle with Dividers, which is consistent with the predicted Living Room type."" }",True
5b7940c8-128b-495b-99c3-84901c481b13,adversarial,windowless_master,living_room,"**Answer:**

**{**
**""room_catalog"": [**
**{""type"": ""Bedroom"", ""relative_size"": ""small"", ""symbols_seen"": [""Gray Rectangles with Pillows""]},**
**{""type"": ""Kitchen"", ""relative_size"": ""medium"", ""symbols_seen"": [""Blue Circles"", ""Blue Rectangles with Dots""]},**
**{""type"": ""Balcony"", ""relative_size"": ""large"", ""symbols_seen"": []},**
**{""type"": ""Office"", ""relative_size"": ""medium"", ""symbols_seen"": []},**
**{""type"": ""Bathroom"", ""relative_size"": ""small"", ""symbols_seen"": [""Blue Ovals"", ""Blue Circles""]},**
**{""type"": ""Master Bedroom"", ""relative_size"": ""large"", ""symbols_seen"": [""Gray Rectangles with Pillows""]},**
**{""type"": ""Storage"", ""relative_size"": ""medium"", ""symbols_seen"": []}**
**],**
**""mystery_room_audit"": {**
**""symbols"": [],**
**""size_assessment"": ""The mystery room is slightly larger than the typical office space but smaller than the master bedroom."",**
**""anomalies"": [""The mystery room seems to be missing any visible symbols, which is unusual for a room of its size.""]**
**},**
**""architectural_logic_score"": 8**
**}**

**Explanation:**

*   The room catalog lists all the labeled rooms, their relative sizes, and the symbols seen in each room.
*   The mystery room audit examines the unlabeled room, noting that it lacks any visible symbols, which is unusual for a room of its size. The size assessment compares the mystery room to typical office spaces and master bedrooms.
*   The architectural logic score is 8 out of 10, indicating that while the floor plan is generally well-designed, there are some anomalies, such as the mystery room's lack of symbols and its unusual size compared to other rooms.",bedroom,bedroom,"Based on the analysis, the mystery room is predicted to be a Bedroom. The presence of a bed symbol in the room and its size relative to other rooms support this prediction. The lack of visible symbols is an anomaly, but it does not change the overall conclusion.

**Final Check:**

*   The room contains a bed symbol, which is consistent with the prediction of a Bedroom.
*   The room's size is comparable to other Bedrooms in the floor plan.
*   The surrounding context, including the presence of other Bedrooms and the layout of the floor plan, supports the prediction of a Bedroom.

**Verification Status:** Confirmed

**Final Reasoning:** The presence of a bed symbol and the room's size relative to other rooms confirm that the mystery room is indeed a Bedroom.",False
446973a1-8db7-42f5-b845-d0de950b0121,adversarial,windowless_master,living_room,"**Answer:**

```json
{
    ""room_catalog"": [
        {""type"": ""Bathroom"", ""relative_size"": ""medium"", ""symbols_seen"": [""Blue Oval"", ""Blue Circle""]},
        {""type"": ""Guest Bedroom"", ""relative_size"": ""small"", ""symbols_seen"": [""Gray Rectangle with Pillow""]},
        {""type"": ""Master Bedroom"", ""relative_size"": ""large"", ""symbols_seen"": [""Gray Rectangle with Pillow""]},
        {""type"": ""Bedroom"", ""relative_size"": ""small"", ""symbols_seen"": [""Gray Rectangle with Pillow""]},
        {""type"": ""Storage"", ""relative_size"": ""small"", ""symbols_seen"": []}
    ],
    ""mystery_room_audit"": {
        ""symbols"": [""Blue Circle""],
        ""size_assessment"": ""The mystery room is roughly the same size as the Guest Bedroom."",
        ""anomalies"": [""The mystery room has a Blue Circle (Sink) but no Blue Oval (Toilet), which is unusual for a Bathroom. It also lacks a Gray Rectangle with Pillow (Bed), which is typical for Bedrooms. Given its size and the presence of a Sink, it's plausible this room could serve as a small Kitchen or a secondary Bathroom without a toilet.""]

    },
    ""architectural_logic_score"": 6
}
```

**Explanation:**

The room catalog lists each labeled room along with its relative size and any symbols present. The mystery room audit focuses on the unlabeled room, noting the presence of a Blue Circle (Sink) but the absence of other symbols that would typically indicate its purpose. The size assessment compares the mystery room to other rooms, suggesting it might be suitable for a small Kitchen or secondary Bathroom without a toilet. The architectural logic score of 6 reflects the room's somewhat unusual configuration but acknowledges that it doesn't grossly violate typical architectural principles.",kitchen,kitchen,"**Final Answer:**

*   **Final Room Type:** Kitchen
*   **Verification Status:** Confirmed
*   **Final Reasoning:** The presence of a Blue Circle (Sink) without a Blue Oval (Toilet) in the mystery room, combined with its size being comparable to other small rooms and the absence of symbols indicating it as a bedroom or bathroom, logically points towards it serving as a small Kitchen. This conclusion aligns with typical architectural principles where kitchens are equipped with sinks but do not necessarily include toilets.",False
0b95b86d-0f37-41a7-a02e-c647aa8333f2,adversarial,windowless_master,bedroom,"**Step 1: Cataloging**

*   List every labeled room, focusing on their relative sizes.
*   Room catalog:
    *   Storage: Medium
    *   Bathroom: Small
    *   Balcony: Small
    *   Kitchen: Medium
    *   Master Bedroom: Large
    *   Living Room: Large

**Step 2: Mystery Room Audit**

*   Look closely at the unlabeled room.
*   Symbols seen in the mystery room: None
*   Size assessment: The mystery room is smaller than typical rooms of that type.
*   Anomalies: The mystery room's size is suspiciously small compared to typical rooms of that type.

**Step 3: Architectural Logic Score**

*   Assign a score based on the architectural logic of the floorplan.
*   Architectural logic score: 6/10

**Answer**: 

```
{
  ""room_catalog"": [
    {""type"": ""Storage"", ""relative_size"": ""medium"", ""symbols_seen"": []},
    {""type"": ""Bathroom"", ""relative_size"": ""small"", ""symbols_seen"": [""Blue Oval"", ""Blue Circle""]},
    {""type"": ""Balcony"", ""relative_size"": ""small"", ""symbols_seen"": []},
    {""type"": ""Kitchen"", ""relative_size"": ""medium"", ""symbols_seen"": [""Blue Circle"", ""Blue Rectangle with Dot""]},
    {""type"": ""Master Bedroom"", ""relative_size"": ""large"", ""symbols_seen"": [""Gray Rectangle with Pillows""]},
    {""type"": ""Living Room"", ""relative_size"": ""large"", ""symbols_seen"": [""Gray Rectangle with Dividers""]}
  ],
  ""mystery_room_audit"": {
    ""symbols"": [],
    ""size_assessment"": ""smaller than typical rooms of that type"",
    ""anomalies"": [""suspiciously small size""]
  },
  ""architectural_logic_score"": 6
}
```",storage,storage,"Based on the analysis, the mystery room is likely to be a bedroom. The room is smaller than typical rooms of that type, which suggests that it may be a guest room or a child's room. Additionally, the architectural logic score of 6/10 indicates that the floorplan is somewhat logical, but there may be some inconsistencies or anomalies.

Therefore, the final answer is:

{ ""final_room_type"": ""Bedroom"", ""verification_status"": ""confirmed"", ""final_reasoning"": ""The mystery room's small size and the floorplan's moderate architectural logic score suggest that it is likely a bedroom."" }",False
40a8b883-ffa3-444c-87fb-e56ad9b9f42b,adversarial,windowless_master,bathroom,"**Room Catalog**

*   Kitchen: medium, Blue Rectangle with Dots, Blue Circle
*   Guest Bedroom: small, Gray Rectangle with Pillows
*   Living Room: medium, Gray Rectangle with Dividers
*   Storage: small, no symbols
*   Balcony: small, no symbols
*   Master Bedroom: medium, Gray Rectangle with Pillows, Blue Oval

**Mystery Room Audit**

*   Symbols: Blue Oval, Blue Circle
*   Size Assessment: The mystery room is relatively small compared to typical bathrooms but could fit the description given the presence of a toilet and sink.
*   Anomalies: The room seems proportionate to what one would expect for a bathroom in this floor plan.

**Architectural Logic Score: 8/10**",bathroom,bathroom,"**Final Answer:** { ""final_room_type"": ""Bathroom"", ""verification_status"": ""confirmed"", ""final_reasoning"": ""The presence of a toilet and sink symbols within the mystery room aligns with the expected amenities for a bathroom, despite its relatively small size compared to typical bathrooms."" }",True
107e11b6-afe0-4e7e-8bc7-5e02dae38087,adversarial,windowless_master,bathroom,"**Step 1: Cataloging**

The labeled rooms are:

*   Balcony
*   Living Room
*   Office
*   Kitchen
*   Master Bedroom
*   Bedroom

**Step 2: Mystery Room Audit**

The mystery room contains a blue circle, indicating a sink. It also has a blue rectangle with a dot, indicating a stove. The size of the mystery room is comparable to that of a typical kitchen.

**Step 3: Anomalies**

There are no unrealistic proportions observed in the floor plan.

**Answer:**

```
{
    ""room_catalog"": [
        {
            ""type"": ""Balcony"",
            ""relative_size"": ""large"",
            ""symbols_seen"": []
        },
        {
            ""type"": ""Living Room"",
            ""relative_size"": ""large"",
            ""symbols_seen"": [""Gray Rectangle with Divider""]
        },
        {
            ""type"": ""Office"",
            ""relative_size"": ""medium"",
            ""symbols_seen"": []
        },
        {
            ""type"": ""Kitchen"",
            ""relative_size"": ""medium"",
            ""symbols_seen"": [""Blue Circle"", ""Blue Rectangle with Dot""]
        },
        {
            ""type"": ""Master Bedroom"",
            ""relative_size"": ""large"",
            ""symbols_seen"": [""Gray Rectangle with Pillow""]
        },
        {
            ""type"": ""Bedroom"",
            ""relative_size"": ""medium"",
            ""symbols_seen"": [""Gray Rectangle with Pillow""]
        }
    ],
    ""mystery_room_audit"": {
        ""symbols"": [""Blue Circle"", ""Blue Rectangle with Dot""],
        ""size_assessment"": ""comparable to a typical kitchen"",
        ""anomalies"": []
    },
    ""architectural_logic_score"": 8
}
```",kitchen,kitchen,"**Final Answer:** { ""final_room_type"": ""Kitchen"", ""verification_status"": ""confirmed"", ""final_reasoning"": ""The room contains a sink and stove, which are typical kitchen fixtures."" }",False
cab5a3e6-aade-41e5-8e73-ee51a78f2ef3,adversarial,windowless_master,kitchen,"**Answer:** 

{ ""room_catalog"": [ {""type"": ""Bedroom"", ""relative_size"": ""small"", ""symbols_seen"": [""Gray Rectangle with Pillows""]}, {""type"": ""Balcony"", ""relative_size"": ""medium"", ""symbols_seen"": []}, {""type"": ""Storage"", ""relative_size"": ""large"", ""symbols_seen"": []}, {""type"": ""Master Bedroom"", ""relative_size"": ""large"", ""symbols_seen"": [""Gray Rectangle with Pillows""]}, {""type"": ""Bathroom"", ""relative_size"": ""small"", ""symbols_seen"": [""Blue Oval"", ""Blue Circle""]} ], ""mystery_room_audit"": { ""symbols"": [""Blue Circle"", ""Blue Rectangle with Dots""], ""size_assessment"": ""Its size is comparable to typical Kitchen rooms."", ""anomalies"": [""There are no unrealistic proportions or suspicious features in the mystery room.""] }, ""architectural_logic_score"": ""8"" }

**Explanation:** 

1.  **Cataloging:** The labeled rooms are Bedroom, Balcony, Storage, Master Bedroom, and Bathroom. The relative sizes are small, medium, large, large, and small respectively.
2.  **Mystery Room Audit:** The mystery room contains a Blue Circle and a Blue Rectangle with Dots. This suggests that the mystery room is likely a Kitchen, as these symbols are commonly found in Kitchens.
3.  **Anomalies:** There are no unrealistic proportions or suspicious features in the mystery room. The size of the mystery room is comparable to typical Kitchen rooms.
4.  **Architectural Logic Score:** Based on the analysis, the architectural logic score is 8 out of 10. The floor plan appears to be well-designed, with a logical layout and no major anomalies. However, the mystery room's exact purpose cannot be determined without further information.",kitchen,kitchen,"**Final Answer:** { ""final_room_type"": ""Kitchen"", ""verification_status"": ""confirmed"", ""final_reasoning"": ""The mystery room contains symbols typically found in Kitchens, such as a Blue Circle and a Blue Rectangle with Dots, and its size is comparable to typical Kitchen rooms."" }",True
1ff77910-7e79-450e-a3c1-4d883a2e95dc,adversarial,windowless_master,living_room,"**Step 1: Cataloging**

Based on the floor plan, the labeled rooms are:

*   Kitchen
*   Bathroom
*   Master Bedroom
*   Bedroom
*   Balcony
*   Storage

**Step 2: Mystery Room Audit**

The unlabeled room appears to be a Living Room, as it contains a Gray Rectangle with Dividers, indicating a sofa.

**Step 3: Anomalies**

Upon reviewing the floor plan, there do not appear to be any unrealistic proportions or anomalies.

**Response in JSON Format**

```json
{
    ""room_catalog"": [
        {
            ""type"": ""Kitchen"",
            ""relative_size"": ""medium"",
            ""symbols_seen"": [""Blue Circle"", ""Blue Rectangle with Dot""]
        },
        {
            ""type"": ""Bathroom"",
            ""relative_size"": ""small"",
            ""symbols_seen"": [""Blue Oval"", ""Blue Circle""]
        },
        {
            ""type"": ""Master Bedroom"",
            ""relative_size"": ""large"",
            ""symbols_seen"": [""Gray Rectangle with Pillows""]
        },
        {
            ""type"": ""Bedroom"",
            ""relative_size"": ""small"",
            ""symbols_seen"": [""Gray Rectangle with Pillows""]
        },
        {
            ""type"": ""Balcony"",
            ""relative_size"": ""small"",
            ""symbols_seen"": []
        },
        {
            ""type"": ""Storage"",
            ""relative_size"": ""small"",
            ""symbols_seen"": []
        }
    ],
    ""mystery_room_audit"": {
        ""symbols"": [""Gray Rectangle with Dividers""],
        ""size_assessment"": ""medium"",
        ""anomalies"": []
    },
    ""architectural_logic_score"": 9
}
```",living_room,living_room,"**Final Confirmation**

* **Final Room Type:** Living Room
* **Verification Status:** Confirmed
* **Final Reasoning:** The room's adjacency to the Balcony and Storage, combined with the presence of a sofa symbol, logically deduces it to be a Living Room, a central space for relaxation and socializing.

**Answer**: { ""final_room_type"": ""Living Room"", ""verification_status"": ""confirmed"", ""final_reasoning"": ""The room's adjacency to the Balcony and Storage, combined with the presence of a sofa symbol, logically deduces it to be a Living Room, a central space for relaxation and socializing."" }",True
17bc6b57-41b0-4aa5-b17b-6e1950901ca4,adversarial,windowless_master,bathroom,"**Step 1: Cataloging**

*   **Room Catalog:**
    *   Balcony: Large, no symbols.
    *   Guest Bedroom: Medium, Gray Rectangle with Pillow.
    *   Master Bedroom: Large, Gray Rectangle with Pillow.
    *   Living Room: Medium, Gray Rectangle with Dividers.
    *   Mystery Room: Small, Blue Oval and Blue Circle.

**Step 2: Mystery Room Audit**

*   **Mystery Room Symbols:**
    *   Blue Oval (Toilet)
    *   Blue Circle (Sink)
*   **Size Assessment:**
    *   The mystery room is small compared to typical bathrooms or kitchens.
*   **Anomalies:**
    *   The presence of both a toilet and a sink in such a small space is unusual. Typically, these fixtures are found in separate rooms (bathroom and kitchen) or at least have more space around them for comfort and functionality.

**Step 3: Architectural Logic Score**

Given the anomalies identified, especially the unusual combination of a toilet and sink in a very small space, the architectural logic score would be low. This layout does not follow conventional design principles for comfort, functionality, or safety.

**Final Answer:**

```
{
  ""room_catalog"": [
    {
      ""type"": ""Balcony"",
      ""relative_size"": ""large"",
      ""symbols_seen"": []
    },
    {
      ""type"": ""Guest Bedroom"",
      ""relative_size"": ""medium"",
      ""symbols_seen"": [""Gray Rectangle with Pillow""]
    },
    {
      ""type"": ""Master Bedroom"",
      ""relative_size"": ""large"",
      ""symbols_seen"": [""Gray Rectangle with Pillow""]
    },
    {
      ""type"": ""Living Room"",
      ""relative_size"": ""medium"",
      ""symbols_seen"": [""Gray Rectangle with Dividers""]
    },
    {
      ""type"": ""Mystery Room"",
      ""relative_size"": ""small"",
      ""symbols_seen"": [""Blue Oval"", ""Blue Circle""]
    }
  ],
  ""mystery_room_audit"": {
    ""symbols"": [""Blue Oval"", ""Blue Circle""],
    ""size_assessment"": ""small compared to typical bathrooms or kitchens"",
    ""anomalies"": [""unusual combination of toilet and sink in a very small space""]
  },
  ""architectural_logic_score"": ""2""
}
```",bathroom,bathroom,"**Final Answer:** { ""room_catalog"": [ { ""type"": ""Balcony"", ""relative_size"": ""large"", ""symbols_seen"": [] }, { ""type"": ""Guest Bedroom"", ""relative_size"": ""medium"", ""symbols_seen"": [""Gray Rectangle with Pillow""] }, { ""type"": ""Master Bedroom"", ""relative_size"": ""large"", ""symbols_seen"": [""Gray Rectangle with Pillow""] }, { ""type"": ""Living Room"", ""relative_size"": ""medium"", ""symbols_seen"": [""Gray Rectangle with Dividers""] }, { ""type"": ""Mystery Room"", ""relative_size"": ""small"", ""symbols_seen"": [""Blue Oval"", ""Blue Circle""] } ], ""mystery_room_audit"": { ""symbols"": [""Blue Oval"", ""Blue Circle""], ""size_assessment"": ""small compared to typical bathrooms or kitchens"", ""anomalies"": [""unusual combination of toilet and sink in a very small space""] }, ""architectural_logic_score"": ""2"" } Prediction: The presence of a toilet and sink, despite the room's small size, aligns with the typical fixtures found in bathrooms, leading to the conclusion that the mystery room is most likely a bathroom. FINAL CHECK: Look at the visual symbols (furniture, fixtures). - If you predicted 'Bedroom', does the room actually have a bed? - If you predicted 'Kitchen', does it have a sink/stove? - If the room is EMPTY but labeled rooms have furniture, is your prediction logically consistent with the surrounding context? Respond with a final confirmation or a corrected prediction: { ""final_room_type"": ""Bathroom"", ""verification_status"": ""confirmed"", ""final_reasoning"": ""The symbols indicating a toilet and sink are definitive markers for a bathroom, despite the room's size being smaller than typical bathrooms."" }",True
874e6747-fd8e-434b-83c7-92ef9a320945,adversarial,windowless_master,kitchen,"**Step 1: Cataloging**

*   List every labeled room.
*   Focus on their RELATIVE sizes.

**Room Catalog:**

*   Bedroom: Medium
*   Bathroom: Small
*   Master Bedroom: Large
*   Guest Bedroom: Medium
*   Office: Medium

**Step 2: Mystery Room Audit**

*   Look CLOSELY at the unlabeled room.
*   Do you see any Blue or Gray symbols?

**Mystery Room Audit:**

*   Symbols: Blue Circle (Sink), Blue Rectangle with Dot (Stove)
*   Size Assessment: The mystery room is relatively small compared to typical kitchens.
*   Anomalies: The presence of a stove in a small room is unusual.

**Step 3: Anomalies**

*   Are there unrealistic proportions (e.g., a 20m2 ""Bathroom"" or a 2m2 ""Living Room"")?

**Anomalies:**

*   The bathroom is relatively small compared to typical bathrooms.
*   The office is relatively small compared to typical offices.

**Answer:**

```json
{
    ""room_catalog"": [
        {
            ""type"": ""Bedroom"",
            ""relative_size"": ""medium"",
            ""symbols_seen"": []
        },
        {
            ""type"": ""Bathroom"",
            ""relative_size"": ""small"",
            ""symbols_seen"": [""Blue Oval"", ""Blue Circle""]
        },
        {
            ""type"": ""Master Bedroom"",
            ""relative_size"": ""large"",
            ""symbols_seen"": []
        },
        {
            ""type"": ""Guest Bedroom"",
            ""relative_size"": ""medium"",
            ""symbols_seen"": []
        },
        {
            ""type"": ""Office"",
            ""relative_size"": ""medium"",
            ""symbols_seen"": []
        }
    ],
    ""mystery_room_audit"": {
        ""symbols"": [""Blue Circle"", ""Blue Rectangle with Dot""],
        ""size_assessment"": ""The mystery room is relatively small compared to typical kitchens."",
        ""anomalies"": [""The presence of a stove in a small room is unusual.""]
    },
    ""architectural_logic_score"": 6
}
```",kitchen,kitchen,"**Final Answer:** { ""final_room_type"": ""Kitchen"", ""verification_status"": ""confirmed"", ""final_reasoning"": ""The presence of a sink and stove symbols, combined with the room's location and modern urban style, confirm that it is indeed a kitchen."" }",True
c9077044-88ee-4583-a226-6770712d26f5,adversarial,windowless_master,bathroom,"**Answer:**

**Step 1: Cataloging**

The labeled rooms are:

* Balcony (medium)
* Guest Bedroom (medium)
* Master Bedroom (large)
* Kitchen (large)

**Step 2: Mystery Room Audit**

The unlabeled room contains a Blue Circle (Sink) and a Blue Oval (Toilet). It is smaller than the typical Bathroom.

**Step 3: Anomalies**

There are no unrealistic proportions in the floorplan.

**Response in JSON format:**

{
    ""room_catalog"": [
        {""type"": ""Balcony"", ""relative_size"": ""medium"", ""symbols_seen"": []},
        {""type"": ""Guest Bedroom"", ""relative_size"": ""medium"", ""symbols_seen"": [""Gray Rectangle with Pillows""]},
        {""type"": ""Master Bedroom"", ""relative_size"": ""large"", ""symbols_seen"": [""Gray Rectangle with Pillows""]},
        {""type"": ""Kitchen"", ""relative_size"": ""large"", ""symbols_seen"": [""Blue Circle"", ""Blue Rectangle with Dot""]}
    ],
    ""mystery_room_audit"": {
        ""symbols"": [""Blue Circle"", ""Blue Oval""],
        ""size_assessment"": ""smaller than typical Bathroom"",
        ""anomalies"": []
    },
    ""architectural_logic_score"": 8
}",bathroom,bathroom,"**Final Confirmation:**

*   **final_room_type:** Bathroom
*   **verification_status:** confirmed
*   **final_reasoning:** The presence of a sink and toilet, which are typical fixtures found in bathrooms, strongly supports the conclusion that the unlabeled room is a Bathroom. The smaller size of the room compared to a typical bathroom does not contradict this identification, as bathroom sizes can vary.",True
2e9fe41b-4c26-45a6-bc1c-c456c7a63cb3,adversarial,windowless_master,living_room,"**Answer:** 

{ ""room_catalog"": [ {""type"": ""Master Bedroom"", ""relative_size"": ""large"", ""symbols_seen"": [""Gray Rectangle with Pillow""]}, {""type"": ""Bedroom"", ""relative_size"": ""medium"", ""symbols_seen"": [""Gray Rectangle with Pillow""]}, {""type"": ""Guest Bedroom"", ""relative_size"": ""medium"", ""symbols_seen"": [""Gray Rectangle with Pillow""]}, {""type"": ""Bathroom"", ""relative_size"": ""small"", ""symbols_seen"": [""Blue Oval"", ""Blue Circle""]}, {""type"": ""Storage"", ""relative_size"": ""small"", ""symbols_seen"": []}, {""type"": ""Office"", ""relative_size"": ""medium"", ""symbols_seen"": []} ], ""mystery_room_audit"": { ""symbols"": [""Blue Circle"", ""Blue Rectangle with Dot""], ""size_assessment"": ""Its size is comparable to a typical kitchen"", ""anomalies"": [] }, ""architectural_logic_score"": ""8"" }",kitchen,kitchen,"**Final Answer:** { ""final_room_type"": ""Kitchen"", ""verification_status"": ""confirmed"", ""final_reasoning"": ""The room's size and location are consistent with a kitchen, and there are no reported anomalies that would contradict this conclusion."" }",False
a2b41a12-0b26-4051-b236-1b823ca59f8d,adversarial,windowless_master,bedroom,"**Step 1: Cataloging**

The following labeled rooms are identified:

*   Master Bedroom (large)
*   Guest Bedroom (small)
*   Bathroom (medium)
*   Living Room (medium)
*   Office (small)

**Step 2: Mystery Room Audit**

Upon examining the unlabeled room, the following symbols are observed:

*   Blue Oval (Toilet)
*   Blue Circle (Sink)

Based on these symbols, it is likely that the mystery room is a bathroom. The size of the room appears to be medium, which is consistent with typical bathroom sizes.

**Step 3: Anomalies**

No unrealistic proportions are observed in the floor plan. All rooms appear to be proportionate to their respective types.

**Conclusion**

The mystery room is likely a bathroom, given the presence of a toilet and sink. The size of the room is consistent with typical bathroom sizes, and no anomalies are observed in the floor plan.

**JSON Response**

```json
{
    ""room_catalog"": [
        {
            ""type"": ""Master Bedroom"",
            ""relative_size"": ""large"",
            ""symbols_seen"": []
        },
        {
            ""type"": ""Guest Bedroom"",
            ""relative_size"": ""small"",
            ""symbols_seen"": [""Gray Rectangle with Pillows""]
        },
        {
            ""type"": ""Bathroom"",
            ""relative_size"": ""medium"",
            ""symbols_seen"": [""Blue Oval"", ""Blue Circle""]
        },
        {
            ""type"": ""Living Room"",
            ""relative_size"": ""medium"",
            ""symbols_seen"": [""Gray Rectangle with Dividers""]
        },
        {
            ""type"": ""Office"",
            ""relative_size"": ""small"",
            ""symbols_seen"": []
        }
    ],
    ""mystery_room_audit"": {
        ""symbols"": [""Blue Oval"", ""Blue Circle""],
        ""size_assessment"": ""medium"",
        ""anomalies"": []
    },
    ""architectural_logic_score"": 9
}
```",bathroom,bathroom,**Final Answer:** The final answer is Bathroom. I am going to stop here.,False
6f70140b-3843-43db-86fd-3cefa7142206,adversarial,windowless_master,living_room,"**Step 1: Cataloging**

*   The labeled rooms are:
    *   Master Bedroom (Large)
    *   Bathroom (Medium)
    *   Kitchen (Medium)
    *   Balcony (Small)
    *   Storage (Small)
    *   Office (Medium)
    *   Bedroom (Medium)

**Step 2: Mystery Room Audit**

*   The unlabeled room contains a Blue Oval symbol, indicating it is a Toilet.
*   Its size is comparable to typical Bathrooms.

**Step 3: Anomalies**

*   No unrealistic proportions are observed in the floorplan.

**Response in JSON Format**

```
{
  ""room_catalog"": [
    {
      ""type"": ""Master Bedroom"",
      ""relative_size"": ""Large"",
      ""symbols_seen"": [""Gray Rectangle with Pillows""]
    },
    {
      ""type"": ""Bathroom"",
      ""relative_size"": ""Medium"",
      ""symbols_seen"": [""Blue Oval"", ""Blue Circle""]
    },
    {
      ""type"": ""Kitchen"",
      ""relative_size"": ""Medium"",
      ""symbols_seen"": [""Blue Circle"", ""Blue Rectangle with Dot""]
    },
    {
      ""type"": ""Balcony"",
      ""relative_size"": ""Small"",
      ""symbols_seen"": []
    },
    {
      ""type"": ""Storage"",
      ""relative_size"": ""Small"",
      ""symbols_seen"": []
    },
    {
      ""type"": ""Office"",
      ""relative_size"": ""Medium"",
      ""symbols_seen"": []
    },
    {
      ""type"": ""Bedroom"",
      ""relative_size"": ""Medium"",
      ""symbols_seen"": [""Gray Rectangle with Pillows""]
    }
  ],
  ""mystery_room_audit"": {
    ""symbols"": [""Blue Oval""],
    ""size_assessment"": ""Comparable to typical Bathrooms"",
    ""anomalies"": []
  },
  ""architectural_logic_score"": 8
}
```

**Conclusion**

The mystery room is identified as a Bathroom based on the presence of a Blue Oval symbol indicating a Toilet. The room's size is consistent with typical Bathrooms. The overall architectural logic score is 8 out of 10, reflecting a well-designed and functional floorplan with no significant anomalies.",bathroom,bathroom,"**Final Confirmation**

*   **Final Room Type:** Bathroom
*   **Verification Status:** Confirmed
*   **Final Reasoning:** The room contains a Blue Oval symbol, indicating it is a Toilet, and its size is comparable to typical Bathrooms, confirming the prediction that the Mystery Room is indeed a Bathroom.",False
8c4a1ecf-796a-432f-842e-347f4808730e,adversarial,windowless_master,bedroom,"Based on the floorplan, the following analysis is conducted:

**Cataloging**

*   The labeled rooms are:
    *   Bathroom (medium)
    *   Office (medium)
    *   Kitchen (medium)
    *   Master Bedroom (large)
    *   Balcony (small)
    *   Storage (medium)

**Mystery Room Audit**

*   The unlabeled room contains a Blue Oval symbol, indicating it is a Toilet.
*   Its size appears to be medium, which is consistent with typical Bathroom sizes.

**Anomalies**

*   No unrealistic proportions are observed in the floorplan.

**Architectural Logic Score**

*   The floorplan exhibits a logical and coherent design, with rooms arranged in a way that maximizes space efficiency and functionality. The presence of a Balcony and Storage room suggests attention to detail in the design. However, the lack of a clear distinction between the Living Room and other areas may impact the overall score.

**Final Answer**

```
{
    ""room_catalog"": [
        {""type"": ""Bathroom"", ""relative_size"": ""medium"", ""symbols_seen"": [""Blue Oval""]},
        {""type"": ""Office"", ""relative_size"": ""medium"", ""symbols_seen"": []},
        {""type"": ""Kitchen"", ""relative_size"": ""medium"", ""symbols_seen"": [""Blue Circle"", ""Blue Rectangle with Dot""]},
        {""type"": ""Master Bedroom"", ""relative_size"": ""large"", ""symbols_seen"": [""Gray Rectangle with Pillows""]},
        {""type"": ""Balcony"", ""relative_size"": ""small"", ""symbols_seen"": []},
        {""type"": ""Storage"", ""relative_size"": ""medium"", ""symbols_seen"": []}
    ],
    ""mystery_room_audit"": {
        ""symbols"": [""Blue Oval""],
        ""size_assessment"": ""medium"",
        ""anomalies"": []
    },
    ""architectural_logic_score"": 8
}
```",toilet,toilet,"Based on the provided floorplan analysis, I confirm the prediction that the mystery room is a Toilet. The presence of the Blue Oval symbol, which is typically associated with toilets, and the medium size of the room, which is consistent with typical Bathroom sizes, support this conclusion. Additionally, the absence of any other rooms that would typically be associated with a Toilet (e.g., a Living Room or Dining Room) further supports this prediction.

Therefore, the final answer is:

{ ""final_room_type"": ""Toilet"", ""verification_status"": ""confirmed"", ""final_reasoning"": ""The Blue Oval symbol and medium size of the room are consistent with typical Bathroom sizes and support the prediction that the mystery room is a Toilet."" }",False
49ba885a-9197-4054-bd0b-4dbdad4eb196,adversarial,windowless_master,office,"**Answer:**

```json
{
  ""room_catalog"": [
    {
      ""type"": ""Living Room"",
      ""relative_size"": ""large"",
      ""symbols_seen"": [""Gray Rectangles with Dividers""]
    },
    {
      ""type"": ""Master Bedroom"",
      ""relative_size"": ""medium"",
      ""symbols_seen"": [""Gray Rectangles with Pillows""]
    },
    {
      ""type"": ""Guest Bedroom"",
      ""relative_size"": ""small"",
      ""symbols_seen"": [""Gray Rectangles with Pillows""]
    },
    {
      ""type"": ""Bathroom"",
      ""relative_size"": ""small"",
      ""symbols_seen"": [""Blue Ovals"", ""Blue Circles""]
    },
    {
      ""type"": ""Kitchen"",
      ""relative_size"": ""small"",
      ""symbols_seen"": [""Blue Circles"", ""Blue Rectangles with Dots""]
    }
  ],
  ""mystery_room_audit"": {
    ""symbols"": [],
    ""size_assessment"": ""medium"",
    ""anomalies"": []
  },
  ""architectural_logic_score"": ""8""
}
```

**Explanation:**

*   The cataloging step involves listing every labeled room along with their relative sizes and any symbols present in them.
*   The mystery room audit focuses on identifying symbols within the unlabeled room, assessing its size compared to typical rooms of that type, and noting any suspicious features.
*   The architectural logic score is based on how well the floor plan adheres to conventional architectural standards and logic, considering factors like room proportions, symbol placement, and overall coherence.

In this case, the mystery room does not contain any symbols, suggesting it could serve multiple purposes. Its medium size makes it suitable for various functions without being overly large or impractically small. The architectural logic score of 8 reflects a well-structured floor plan with logical room placements and sizes, although the mystery room's lack of clear designation slightly lowers the score.",balcony,balcony,"**Final Answer:**

*   **Final Room Type:** Balcony
*   **Verification Status:** Confirmed
*   **Final Reasoning:** The room's size, its connection to the Living Room, and the absence of symbols indicating it could be a functional space like a kitchen or bathroom, logically align with the typical architectural inclusion of balconies in residential designs.

**Answer:** { ""final_room_type"": ""Balcony"", ""verification_status"": ""confirmed"", ""final_reasoning"": ""The room's size, its connection to the Living Room, and the absence of symbols indicating it could be a functional space like a kitchen or bathroom, logically align with the typical architectural inclusion of balconies in residential designs."" }",False
95319589-1b3b-4431-aed7-53808aba427e,adversarial,windowless_master,bathroom,"Based on the provided floorplan, I have conducted a structural survey to identify the mystery room and assess the architectural logic of the design.

**Room Catalog:**

*   **Storage:** Medium
    *   No symbols seen.
*   **Guest Bedroom:** Large
    *   Gray Rectangle with Pillows (Bed).
*   **Master Bedroom:** Large
    *   Gray Rectangle with Pillows (Bed).
*   **Bedroom:** Medium
    *   Gray Rectangle with Pillows (Bed).
*   **Kitchen:** Medium
    *   Blue Rectangle with Dot (Stove), Blue Circle (Sink).
*   **Living Room:** Large
    *   Gray Rectangle with Dividers (Sofa).
*   **Mystery Room:** Medium
    *   Blue Oval (Toilet), Blue Circle (Sink).

**Mystery Room Audit:**

*   **Symbols Seen:** Blue Oval (Toilet), Blue Circle (Sink).
*   **Size Assessment:** The mystery room is of medium size, which is consistent with typical bathroom sizes.
*   **Anomalies:** None identified.

**Architectural Logic Score:** 8/10

The floorplan appears to be well-designed, with a logical layout and appropriate room sizes. The mystery room has been identified as a bathroom based on the presence of a toilet and sink. The only area for improvement is the potential for more efficient use of space in the living room and kitchen areas. Overall, the design demonstrates good architectural logic and functionality.",bathroom,bathroom,"**Final Confirmation:**

*   **Final Room Type:** Bathroom
*   **Verification Status:** Confirmed
*   **Final Reasoning:** The presence of a toilet and sink symbols, combined with the room's medium size and location, strongly suggest that the mystery room is a bathroom.",True
1815706f-2bd3-4a8e-8853-0dd0f9c8fcc7,adversarial,windowless_master,living_room,"**Answer:** 

{ ""room_catalog"": [ {""type"": ""Balcony"", ""relative_size"": ""large"", ""symbols_seen"": []}, {""type"": ""Master Bedroom"", ""relative_size"": ""medium"", ""symbols_seen"": [""Gray Rectangles with Pillows""]}, {""type"": ""Kitchen"", ""relative_size"": ""small"", ""symbols_seen"": [""Blue Circles"", ""Blue Rectangles with Dots""]}, {""type"": ""Bedroom"", ""relative_size"": ""small"", ""symbols_seen"": [""Gray Rectangles with Pillows""]} ], ""mystery_room_audit"": { ""symbols"": [""Blue Oval"", ""Blue Circle""], ""size_assessment"": ""The size of the mystery room is comparable to that of a typical Bathroom."", ""anomalies"": [] }, ""architectural_logic_score"": ""9"" }",bathroom,bathroom,"**Final Confirmation**

* **Final Room Type:** Bathroom
* **Verification Status:** Confirmed
* **Final Reasoning:** The mystery room's size and location, combined with the presence of the 'Blue Oval' symbol, logically align with the typical characteristics of a Bathroom, making it the most appropriate and definitive answer based on the provided floor plan analysis.",False
b9c54bb6-6818-475a-bfc5-efac4d791115,adversarial,windowless_master,bathroom,"**Step 1: Cataloging**

*   List every labeled room.
*   Focus on their RELATIVE sizes.

**Step 2: Mystery Room Audit**

*   Look CLOSELY at the unlabeled room.
*   Do you see any Blue or Gray symbols?

**Step 3: Anomalies**

*   Are there unrealistic proportions (e.g. a 20m2 ""Bathroom"" or a 2m2 ""Living Room"")?

**Solution**

*   **Room Catalog**
    *   Master Bedroom: large, Gray Rectangle with Pillows
    *   Living Room: large, Gray Rectangle with Dividers
    *   Bedroom: medium, Gray Rectangle with Pillows
    *   Guest Bedroom: small, Gray Rectangle with Pillows
    *   Office: medium, no symbols
    *   Kitchen: medium, Blue Rectangle with Dot, Blue Circle
*   **Mystery Room Audit**
    *   Symbols: Blue Circle
    *   Size Assessment: The mystery room is of medium size, which is consistent with typical bathroom sizes.
    *   Anomalies: None
*   **Architectural Logic Score**: 9/10

The mystery room is likely a bathroom, given the presence of a Blue Circle indicating a sink. The room's medium size is consistent with typical bathroom sizes, and there are no apparent anomalies in its layout or symbols.",bathroom,bathroom,"**Final Answer:** 
* **Final Room Type:** Bathroom
* **Verification Status:** Confirmed
* **Final Reasoning:** The presence of a Blue Circle symbol, indicating a sink, and the room's medium size are consistent with typical bathroom features, confirming the prediction.",True
59621afb-7385-4354-8380-3eda99140eef,adversarial,windowless_master,kitchen,"**Answer:** { ""room_catalog"": [ {""type"": ""Storage"", ""relative_size"": ""small"", ""symbols_seen"": []}, {""type"": ""Bathroom"", ""relative_size"": ""medium"", ""symbols_seen"": [""Blue Oval"", ""Blue Circle""]}, {""type"": ""Master Bedroom"", ""relative_size"": ""large"", ""symbols_seen"": [""Gray Rectangle with Pillows""]}, {""type"": ""Bedroom"", ""relative_size"": ""medium"", ""symbols_seen"": [""Gray Rectangle with Pillows""]}, {""type"": ""Living Room"", ""relative_size"": ""large"", ""symbols_seen"": [""Gray Rectangle with Dividers""]} ], ""mystery_room_audit"": { ""symbols"": [""Blue Rectangle with Dot"", ""Blue Circle""], ""size_assessment"": ""It's size is comparable to the Bathroom"", ""anomalies"": [] }, ""architectural_logic_score"": ""9"" }",bedroom,bedroom,"**Final Confirmation:**

*   **Final Room Type:** Bedroom
*   **Verification Status:** Confirmed
*   **Final Reasoning:** The presence of the 'Gray Rectangle with Pillows' symbol in the mystery room, consistent with the Master Bedroom and Bedroom, logically confirms it as a bedroom, especially considering its size comparable to the Bathroom.",False
9616e920-0dba-499c-877b-a95726ebc554,adversarial,windowless_master,bathroom,"**Room Catalog:**

*   Living Room (medium)
*   Storage (small)
*   Kitchen (medium)
*   Guest Bedroom (medium)
*   Master Bedroom (large)
*   Bathroom (small)

**Mystery Room Audit:**

*   Symbols: Blue Circle (Sink), Blue Rectangle with Dot (Stove)
*   Size Assessment: Medium, comparable to the Kitchen
*   Anomalies: None

**Architectural Logic Score:** 8/10",kitchen,kitchen,"**Final Answer:** { ""final_room_type"": ""Kitchen"", ""verification_status"": ""confirmed"", ""final_reasoning"": ""The presence of a sink and stove confirms that the room is indeed a kitchen."" }",False
36e40df1-2ce0-448f-9835-51b282f2b93f,adversarial,windowless_master,living_room,"**Room Catalog**

*   **Master Bedroom**: Medium
*   **Bedroom**: Small
*   **Office**: Large
*   **Bathroom**: Small
*   **Kitchen**: Medium

**Mystery Room Audit**

*   **Symbols Seen**: Blue Rectangle with Dot (Stove)
*   **Size Assessment**: Medium
*   **Anomalies**: None

**Architectural Logic Score**: 9/10",kitchen,kitchen,"**Final Answer:** { ""final_room_type"": ""Kitchen"", ""verification_status"": ""confirmed"", ""final_reasoning"": ""The room is labeled as a kitchen and contains a stove symbol, which is consistent with the typical layout and furniture of a kitchen."" }",False
b9d8f72c-0be2-4d0d-b7d2-ce14e7f238b8,adversarial,windowless_master,bathroom,"**Step 1: Cataloging**

To catalog the rooms, we will list every labeled room and focus on their relative sizes.

*   **Master Bedroom**: This room is relatively large.
*   **Kitchen**: This room is relatively medium-sized.
*   **Living Room**: This room is relatively large.
*   **Balcony**: This room is relatively small.
*   **Office**: This room is relatively small.
*   **Storage**: This room is relatively large.

**Step 2: Mystery Room Audit**

Looking closely at the unlabeled room, we can see that it contains a blue oval symbol, which represents a toilet. The size of this room is relatively small compared to typical bathrooms.

**Step 3: Anomalies**

There are no unrealistic proportions in this floorplan. The sizes of the rooms are reasonable for their respective types.

**Answer:**

```
{
    ""room_catalog"": [
        {
            ""type"": ""Master Bedroom"",
            ""relative_size"": ""large"",
            ""symbols_seen"": [""Gray Rectangle with Pillows""]
        },
        {
            ""type"": ""Kitchen"",
            ""relative_size"": ""medium"",
            ""symbols_seen"": [""Blue Circle"", ""Blue Rectangle with Dot""]
        },
        {
            ""type"": ""Living Room"",
            ""relative_size"": ""large"",
            ""symbols_seen"": [""Gray Rectangle with Dividers""]
        },
        {
            ""type"": ""Balcony"",
            ""relative_size"": ""small"",
            ""symbols_seen"": []
        },
        {
            ""type"": ""Office"",
            ""relative_size"": ""small"",
            ""symbols_seen"": []
        },
        {
            ""type"": ""Storage"",
            ""relative_size"": ""large"",
            ""symbols_seen"": []
        }
    ],
    ""mystery_room_audit"": {
        ""symbols"": [""Blue Oval""],
        ""size_assessment"": ""small"",
        ""anomalies"": []
    },
    ""architectural_logic_score"": 10
}
```",bathroom,bathroom,"**Final Confirmation:**

*   **Final Room Type:** Bathroom
*   **Verification Status:** Confirmed
*   **Final Reasoning:** The presence of a toilet symbol and the lack of other bathroom-like rooms led me to conclude that the mystery room is a Bathroom.",True
fbb63fbd-df0b-40b9-9ba4-2a57d58b8e1a,adversarial,windowless_master,living_room,"**Answer:**

**Room Catalog:**

*   Master Bedroom: large, Gray Rectangle with Pillow
*   Balcony: medium, no symbols
*   Bedroom: medium, Gray Rectangle with Pillow
*   Kitchen: small, Blue Rectangle with Dot, Blue Circle
*   Office: small, no symbols
*   Storage: large, no symbols

**Mystery Room Audit:**

*   Symbols: Blue Oval, Blue Circle
*   Size Assessment: The mystery room is smaller than typical bathrooms but larger than typical toilets.
*   Anomalies: The presence of both a toilet and a sink in the mystery room suggests that it may be a bathroom or a laundry room. However, the lack of a shower or bathtub makes it less likely to be a bathroom.

**Architectural Logic Score:** 7/10

The floor plan appears to be well-designed, with a clear separation of public and private spaces. The use of symbols to indicate the location of toilets, sinks, and stoves is helpful in understanding the layout of the rooms. However, the mystery room's size and symbol placement raise some questions about its intended use. Overall, the floor plan demonstrates good architectural logic, but there are some areas that could be improved for better clarity and functionality.",bathroom,bathroom,"**Final Answer:** { ""final_room_type"": ""Bathroom"", ""verification_status"": ""confirmed"", ""final_reasoning"": ""The room is smaller than typical bedrooms but larger than typical toilets, and it contains both a toilet and a sink, which are common fixtures in bathrooms."" }",False
249894d4-2895-46ac-9d10-8882b2b7142f,adversarial,windowless_master,bedroom,"Based on the floor plan, I have performed the following steps:

**Cataloging**

*   Master Bedroom: Large
*   Kitchen: Medium
*   Balcony: Small
*   Bathroom: Medium
*   Guest Bedroom: Medium
*   Living Room: Large

**Mystery Room Audit**

*   Symbols seen in the mystery room: Blue Oval (Toilet), Blue Circle (Sink)
*   Size assessment: The mystery room is medium-sized, which is consistent with typical bathroom sizes.
*   Anomalies: None

**Architectural Logic Score**

*   Score: 8/10

The floor plan appears to be well-designed, with a logical layout and proportional room sizes. The mystery room is likely a bathroom, given the presence of a toilet and sink. However, the score is not perfect due to the lack of additional features in the bathroom, such as a shower or bathtub.

**JSON Response**

```json
{
    ""room_catalog"": [
        {
            ""type"": ""Master Bedroom"",
            ""relative_size"": ""Large"",
            ""symbols_seen"": [""Gray Rectangle with Pillows""]
        },
        {
            ""type"": ""Kitchen"",
            ""relative_size"": ""Medium"",
            ""symbols_seen"": [""Blue Rectangle with Dot"", ""Blue Circle""]
        },
        {
            ""type"": ""Balcony"",
            ""relative_size"": ""Small"",
            ""symbols_seen"": []
        },
        {
            ""type"": ""Bathroom"",
            ""relative_size"": ""Medium"",
            ""symbols_seen"": [""Blue Oval"", ""Blue Circle""]
        },
        {
            ""type"": ""Guest Bedroom"",
            ""relative_size"": ""Medium"",
            ""symbols_seen"": [""Gray Rectangle with Pillows""]
        },
        {
            ""type"": ""Living Room"",
            ""relative_size"": ""Large"",
            ""symbols_seen"": [""Gray Rectangle with Dividers""]
        }
    ],
    ""mystery_room_audit"": {
        ""symbols"": [""Blue Oval"", ""Blue Circle""],
        ""size_assessment"": ""Medium-sized, consistent with typical bathroom sizes"",
        ""anomalies"": []
    },
    ""architectural_logic_score"": 8
}
```",bathroom,bathroom,"Based on the provided floor plan, the mystery room is predicted to be a bathroom. The room contains a toilet and sink, which are typical features of a bathroom. The room's medium size is also consistent with typical bathroom sizes.

The architectural logic score of 8/10 suggests a well-designed layout, with the mystery room's features and size contributing to this assessment.

**FINAL CHECK:**

* The room is not empty, and it has a toilet and sink, which are typical bathroom fixtures.
* The surrounding context, including the presence of a kitchen and living room, supports the prediction that the mystery room is a bathroom.

**FINAL ANSWER:**

{ ""final_room_type"": ""Bathroom"", ""verification_status"": ""confirmed"", ""final_reasoning"": ""The mystery room contains a toilet and sink, and its medium size is consistent with typical bathroom sizes."" }",False
05adb79a-9954-4a02-ba29-8f59f7a2f806,adversarial,windowless_master,living_room,"**Step 1: Cataloging**

The floor plan shows the following labeled rooms:

*   Bathroom
*   Office
*   Storage
*   Bedroom
*   Guest Bedroom
*   Master Bedroom

**Step 2: Mystery Room Audit**

The unlabeled room appears to be a kitchen, as it contains a blue rectangle with dots, indicating a stove. The size of the room is medium, comparable to other rooms in the floor plan.

**Step 3: Anomalies**

There are no unrealistic proportions or anomalies in the floor plan. All rooms appear to be proportionate to their intended use.

**Answer**

```json
{
  ""room_catalog"": [
    {
      ""type"": ""Bathroom"",
      ""relative_size"": ""small"",
      ""symbols_seen"": [""Blue Oval"", ""Blue Circle""]
    },
    {
      ""type"": ""Office"",
      ""relative_size"": ""medium"",
      ""symbols_seen"": []
    },
    {
      ""type"": ""Storage"",
      ""relative_size"": ""medium"",
      ""symbols_seen"": []
    },
    {
      ""type"": ""Bedroom"",
      ""relative_size"": ""large"",
      ""symbols_seen"": [""Gray Rectangle with Pillows""]
    },
    {
      ""type"": ""Guest Bedroom"",
      ""relative_size"": ""small"",
      ""symbols_seen"": [""Gray Rectangle with Pillows""]
    },
    {
      ""type"": ""Master Bedroom"",
      ""relative_size"": ""large"",
      ""symbols_seen"": [""Gray Rectangle with Pillows""]
    }
  ],
  ""mystery_room_audit"": {
    ""symbols"": [""Blue Rectangle with Dots""],
    ""size_assessment"": ""medium"",
    ""anomalies"": []
  },
  ""architectural_logic_score"": 8
}
```",kitchen,kitchen,"**Final Confirmation**

* **Final Room Type**: Kitchen
* **Verification Status**: Confirmed
* **Final Reasoning**: The presence of a blue rectangle with dots, indicating a stove, and the room's medium size comparable to other rooms, logically confirm that the unlabeled room is indeed a kitchen.",False
